jit-controller:latest is already in cluster 'voting-app'
OK: bucket 'jit-state' created
MinIO up at http://127.0.0.1:9000 (console http://localhost:9001); bucket jit-state ready
Building runner image...
#0 building with "rancher-desktop" instance using docker driver

#1 [internal] load build definition from Dockerfile
#1 transferring dockerfile: 714B done
#1 DONE 0.0s

#2 [internal] load metadata for docker.io/library/debian:bookworm-slim
#2 ...

#3 [auth] library/debian:pull token for registry-1.docker.io
#3 DONE 0.0s

#2 [internal] load metadata for docker.io/library/debian:bookworm-slim
#2 DONE 0.8s

#4 [internal] load .dockerignore
#4 transferring context: 2B done
#4 DONE 0.0s

#5 [1/7] FROM docker.io/library/debian:bookworm-slim@sha256:88200866dfff7ea7f5cbcb6ec7c8a701889efe6fe859fe64d6990e4b07ea4171
#5 DONE 0.0s

#6 [internal] load build context
#6 transferring context: 64B done
#6 DONE 0.0s

#7 [5/7] COPY requirements.txt .
#7 CACHED

#8 [6/7] RUN python3 -m venv /opt/venv &&     /opt/venv/bin/pip install --upgrade pip &&     /opt/venv/bin/pip install -r requirements.txt
#8 CACHED

#9 [2/7] WORKDIR /opt/jit-runner
#9 CACHED

#10 [3/7] RUN apt-get update && apt-get install -y wget unzip python3 python3-pip python3-venv curl jq bash && rm -rf /var/lib/apt/lists/*
#10 CACHED

#11 [4/7] RUN wget -qO /tmp/tofu.zip https://github.com/opentofu/opentofu/releases/download/v1.8.1/tofu_1.8.1_linux_arm64.zip &&     unzip -q /tmp/tofu.zip -d /usr/local/bin && rm /tmp/tofu.zip &&     chmod +x /usr/local/bin/tofu
#11 CACHED

#12 [7/7] COPY main.py .
#12 CACHED

#13 exporting to image
#13 exporting layers done
#13 writing image sha256:5249cf3723f6881bd5b2127596d331170d1cce934b5312c699f325da5374ea9a done
#13 naming to docker.io/library/jit-runner:latest done
#13 DONE 0.0s
Image built.
Stopping runner...
Runner stopped.
Starting runner at 172.19.0.10 (shared dir /Users/vkancherla/.jit-host-share)...
3cd611a0d226f3ae906b898cbdf01a7bd3911c93ebd553813ff179b99227e1aa
Runner started at 172.19.0.10.
CRD infraclaims.jit.io established
deployment "jit-controller" successfully rolled out
controller Ready; watching: 
PASS: jit stack up - MinIO, runner running, CRD, controller
importing jit-controller:latest into cluster 'voting-app'...
[36mINFO[0m[0000] Importing image(s) into cluster 'voting-app' 
[36mINFO[0m[0000] Starting new tools node...                   
[36mINFO[0m[0000] Starting node 'k3d-voting-app-tools'         
[36mINFO[0m[0000] Saving 1 image(s) from runtime...            
[36mINFO[0m[0002] Importing images into nodes...               
[36mINFO[0m[0002] Importing images from tarball '/k3d/images/k3d-voting-app-images-20260912163022.tar' into node 'k3d-voting-app-server-0'... 
[36mINFO[0m[0002] Importing images from tarball '/k3d/images/k3d-voting-app-images-20260912163022.tar' into node 'k3d-voting-app-agent-0'... 
[36mINFO[0m[0006] Removing the tarball(s) from image volume... 
[36mINFO[0m[0007] Removing k3d-tools node...                   
[36mINFO[0m[0007] Successfully imported image(s)               
[36mINFO[0m[0007] Successfully imported 1 image(s) into 1 cluster(s) 
OK: bucket 'jit-state' created
MinIO up at http://127.0.0.1:9000 (console http://localhost:9001); bucket jit-state ready
Building runner image...
#0 building with "rancher-desktop" instance using docker driver

#1 [internal] load build definition from Dockerfile
#1 transferring dockerfile: 714B done
#1 DONE 0.0s

#2 [auth] library/debian:pull token for registry-1.docker.io
#2 DONE 0.0s

#3 [internal] load metadata for docker.io/library/debian:bookworm-slim
#3 DONE 1.3s

#4 [internal] load .dockerignore
#4 transferring context: 2B done
#4 DONE 0.0s

#5 [1/7] FROM docker.io/library/debian:bookworm-slim@sha256:88200866dfff7ea7f5cbcb6ec7c8a701889efe6fe859fe64d6990e4b07ea4171
#5 DONE 0.0s

#6 [internal] load build context
#6 transferring context: 64B done
#6 DONE 0.0s

#7 [4/7] RUN wget -qO /tmp/tofu.zip https://github.com/opentofu/opentofu/releases/download/v1.8.1/tofu_1.8.1_linux_arm64.zip &&     unzip -q /tmp/tofu.zip -d /usr/local/bin && rm /tmp/tofu.zip &&     chmod +x /usr/local/bin/tofu
#7 CACHED

#8 [5/7] COPY requirements.txt .
#8 CACHED

#9 [6/7] RUN python3 -m venv /opt/venv &&     /opt/venv/bin/pip install --upgrade pip &&     /opt/venv/bin/pip install -r requirements.txt
#9 CACHED

#10 [2/7] WORKDIR /opt/jit-runner
#10 CACHED

#11 [3/7] RUN apt-get update && apt-get install -y wget unzip python3 python3-pip python3-venv curl jq bash && rm -rf /var/lib/apt/lists/*
#11 CACHED

#12 [7/7] COPY main.py .
#12 CACHED

#13 exporting to image
#13 exporting layers done
#13 writing image sha256:5249cf3723f6881bd5b2127596d331170d1cce934b5312c699f325da5374ea9a done
#13 naming to docker.io/library/jit-runner:latest done
#13 DONE 0.0s
Image built.
Stopping runner...
Runner stopped.
Starting runner at 172.19.0.10 (shared dir /Users/vkancherla/.jit-host-share)...
a77e29dcedf92d6813544da34128cb9e5cd21e0d1e592c3ae19d0df5f334ba9d
Runner started at 172.19.0.10.
CRD infraclaims.jit.io established
Waiting for deployment "jit-controller" rollout to finish: 0 of 1 updated replicas are available...
deployment "jit-controller" successfully rolled out
controller Ready; watching: 
PASS: jit stack up - MinIO, runner running, CRD, controller
importing jit-controller:latest into cluster 'voting-app'...
[36mINFO[0m[0000] Importing image(s) into cluster 'voting-app' 
[36mINFO[0m[0000] Starting new tools node...                   
[36mINFO[0m[0000] Starting node 'k3d-voting-app-tools'         
[36mINFO[0m[0000] Saving 1 image(s) from runtime...            
[36mINFO[0m[0002] Importing images into nodes...               
[36mINFO[0m[0002] Importing images from tarball '/k3d/images/k3d-voting-app-images-20260912213907.tar' into node 'k3d-voting-app-server-0'... 
[36mINFO[0m[0002] Importing images from tarball '/k3d/images/k3d-voting-app-images-20260912213907.tar' into node 'k3d-voting-app-agent-0'... 
[36mINFO[0m[0006] Removing the tarball(s) from image volume... 
[36mINFO[0m[0007] Removing k3d-tools node...                   
[36mINFO[0m[0007] Successfully imported image(s)               
[36mINFO[0m[0007] Successfully imported 1 image(s) into 1 cluster(s) 
OK: bucket 'jit-state' created
MinIO up at http://127.0.0.1:9000 (console http://localhost:9001); bucket jit-state ready
Building runner image...
#0 building with "rancher-desktop" instance using docker driver

#1 [internal] load build definition from Dockerfile
#1 transferring dockerfile: 714B done
#1 DONE 0.0s

#2 [internal] load metadata for docker.io/library/debian:bookworm-slim
#2 ...

#3 [auth] library/debian:pull token for registry-1.docker.io
#3 DONE 0.0s

#2 [internal] load metadata for docker.io/library/debian:bookworm-slim
#2 DONE 0.8s

#4 [internal] load .dockerignore
#4 transferring context: 2B done
#4 DONE 0.0s

#5 [1/7] FROM docker.io/library/debian:bookworm-slim@sha256:88200866dfff7ea7f5cbcb6ec7c8a701889efe6fe859fe64d6990e4b07ea4171
#5 DONE 0.0s

#6 [internal] load build context
#6 transferring context: 64B done
#6 DONE 0.0s

#7 [5/7] COPY requirements.txt .
#7 CACHED

#8 [6/7] RUN python3 -m venv /opt/venv &&     /opt/venv/bin/pip install --upgrade pip &&     /opt/venv/bin/pip install -r requirements.txt
#8 CACHED

#9 [2/7] WORKDIR /opt/jit-runner
#9 CACHED

#10 [3/7] RUN apt-get update && apt-get install -y wget unzip python3 python3-pip python3-venv curl jq bash && rm -rf /var/lib/apt/lists/*
#10 CACHED

#11 [4/7] RUN wget -qO /tmp/tofu.zip https://github.com/opentofu/opentofu/releases/download/v1.8.1/tofu_1.8.1_linux_arm64.zip &&     unzip -q /tmp/tofu.zip -d /usr/local/bin && rm /tmp/tofu.zip &&     chmod +x /usr/local/bin/tofu
#11 CACHED

#12 [7/7] COPY main.py .
#12 CACHED

#13 exporting to image
#13 exporting layers done
#13 writing image sha256:5249cf3723f6881bd5b2127596d331170d1cce934b5312c699f325da5374ea9a done
#13 naming to docker.io/library/jit-runner:latest done
#13 DONE 0.0s
Image built.
Stopping runner...
Runner stopped.
Starting runner at 172.19.0.10 (shared dir /Users/vkancherla/.jit-host-share)...
60901698f95ec0ebdbee016bbc3e1a3f4be0874345791789f72991cae009afa8
Runner started at 172.19.0.10.
CRD infraclaims.jit.io established
deployment "jit-controller" successfully rolled out
controller Ready; watching: 
PASS: jit stack up - MinIO, runner running, CRD, controller
importing jit-controller:latest into cluster 'voting-app'...
[36mINFO[0m[0000] Importing image(s) into cluster 'voting-app' 
[36mINFO[0m[0000] Starting new tools node...                   
[36mINFO[0m[0000] Starting node 'k3d-voting-app-tools'         
[36mINFO[0m[0000] Saving 1 image(s) from runtime...            
[36mINFO[0m[0002] Importing images into nodes...               
[36mINFO[0m[0002] Importing images from tarball '/k3d/images/k3d-voting-app-images-20260912215322.tar' into node 'k3d-voting-app-server-0'... 
[36mINFO[0m[0002] Importing images from tarball '/k3d/images/k3d-voting-app-images-20260912215322.tar' into node 'k3d-voting-app-agent-0'... 
[36mINFO[0m[0007] Removing the tarball(s) from image volume... 
[36mINFO[0m[0008] Removing k3d-tools node...                   
[36mINFO[0m[0008] Successfully imported image(s)               
[36mINFO[0m[0008] Successfully imported 1 image(s) into 1 cluster(s) 
OK: bucket 'jit-state' created
MinIO up at http://127.0.0.1:9000 (console http://localhost:9001); bucket jit-state ready
Building runner image...
#0 building with "rancher-desktop" instance using docker driver

#1 [internal] load build definition from Dockerfile
#1 transferring dockerfile: 714B done
#1 DONE 0.0s

#2 [internal] load metadata for docker.io/library/debian:bookworm-slim
#2 ...

#3 [auth] library/debian:pull token for registry-1.docker.io
#3 DONE 0.0s

#2 [internal] load metadata for docker.io/library/debian:bookworm-slim
#2 DONE 0.8s

#4 [internal] load .dockerignore
#4 transferring context: 2B done
#4 DONE 0.0s

#5 [1/7] FROM docker.io/library/debian:bookworm-slim@sha256:88200866dfff7ea7f5cbcb6ec7c8a701889efe6fe859fe64d6990e4b07ea4171
#5 DONE 0.0s

#6 [internal] load build context
#6 transferring context: 64B done
#6 DONE 0.0s

#7 [3/7] RUN apt-get update && apt-get install -y wget unzip python3 python3-pip python3-venv curl jq bash && rm -rf /var/lib/apt/lists/*
#7 CACHED

#8 [6/7] RUN python3 -m venv /opt/venv &&     /opt/venv/bin/pip install --upgrade pip &&     /opt/venv/bin/pip install -r requirements.txt
#8 CACHED

#9 [4/7] RUN wget -qO /tmp/tofu.zip https://github.com/opentofu/opentofu/releases/download/v1.8.1/tofu_1.8.1_linux_arm64.zip &&     unzip -q /tmp/tofu.zip -d /usr/local/bin && rm /tmp/tofu.zip &&     chmod +x /usr/local/bin/tofu
#9 CACHED

#10 [2/7] WORKDIR /opt/jit-runner
#10 CACHED

#11 [5/7] COPY requirements.txt .
#11 CACHED

#12 [7/7] COPY main.py .
#12 CACHED

#13 exporting to image
#13 exporting layers done
#13 writing image sha256:5249cf3723f6881bd5b2127596d331170d1cce934b5312c699f325da5374ea9a done
#13 naming to docker.io/library/jit-runner:latest done
#13 DONE 0.0s
Image built.
Stopping runner...
Runner stopped.
Starting runner at 172.19.0.10 (shared dir /Users/vkancherla/.jit-host-share)...
d705e4b45063025604cb0d0867c71f4c21d11827a8fa2fb339bb5bbda85105e2
Runner started at 172.19.0.10.
CRD infraclaims.jit.io established
deployment "jit-controller" successfully rolled out
controller Ready; watching: 
PASS: jit stack up - MinIO, runner running, CRD, controller
importing jit-controller:latest into cluster 'voting-app'...
[36mINFO[0m[0000] Importing image(s) into cluster 'voting-app' 
[36mINFO[0m[0000] Starting new tools node...                   
[36mINFO[0m[0000] Starting node 'k3d-voting-app-tools'         
[36mINFO[0m[0000] Saving 1 image(s) from runtime...            
[36mINFO[0m[0002] Importing images into nodes...               
[36mINFO[0m[0002] Importing images from tarball '/k3d/images/k3d-voting-app-images-20260912221849.tar' into node 'k3d-voting-app-server-0'... 
[36mINFO[0m[0002] Importing images from tarball '/k3d/images/k3d-voting-app-images-20260912221849.tar' into node 'k3d-voting-app-agent-0'... 
[36mINFO[0m[0005] Removing the tarball(s) from image volume... 
[36mINFO[0m[0006] Removing k3d-tools node...                   
[36mINFO[0m[0006] Successfully imported image(s)               
[36mINFO[0m[0006] Successfully imported 1 image(s) into 1 cluster(s) 
OK: bucket 'jit-state' created
MinIO up at http://127.0.0.1:9000 (console http://localhost:9001); bucket jit-state ready
Building runner image...
#0 building with "rancher-desktop" instance using docker driver

#1 [internal] load build definition from Dockerfile
#1 transferring dockerfile: 714B done
#1 DONE 0.0s

#2 [internal] load metadata for docker.io/library/debian:bookworm-slim
#2 ...

#3 [auth] library/debian:pull token for registry-1.docker.io
#3 DONE 0.0s

#2 [internal] load metadata for docker.io/library/debian:bookworm-slim
#2 DONE 1.1s

#4 [internal] load .dockerignore
#4 transferring context: 2B done
#4 DONE 0.0s

#5 [1/7] FROM docker.io/library/debian:bookworm-slim@sha256:88200866dfff7ea7f5cbcb6ec7c8a701889efe6fe859fe64d6990e4b07ea4171
#5 DONE 0.0s

#6 [internal] load build context
#6 transferring context: 64B done
#6 DONE 0.0s

#7 [2/7] WORKDIR /opt/jit-runner
#7 CACHED

#8 [3/7] RUN apt-get update && apt-get install -y wget unzip python3 python3-pip python3-venv curl jq bash && rm -rf /var/lib/apt/lists/*
#8 CACHED

#9 [4/7] RUN wget -qO /tmp/tofu.zip https://github.com/opentofu/opentofu/releases/download/v1.8.1/tofu_1.8.1_linux_arm64.zip &&     unzip -q /tmp/tofu.zip -d /usr/local/bin && rm /tmp/tofu.zip &&     chmod +x /usr/local/bin/tofu
#9 CACHED

#10 [6/7] RUN python3 -m venv /opt/venv &&     /opt/venv/bin/pip install --upgrade pip &&     /opt/venv/bin/pip install -r requirements.txt
#10 CACHED

#11 [5/7] COPY requirements.txt .
#11 CACHED

#12 [7/7] COPY main.py .
#12 CACHED

#13 exporting to image
#13 exporting layers done
#13 writing image sha256:5249cf3723f6881bd5b2127596d331170d1cce934b5312c699f325da5374ea9a done
#13 naming to docker.io/library/jit-runner:latest done
#13 DONE 0.0s
Image built.
Stopping runner...
Runner stopped.
Starting runner at 172.19.0.10 (shared dir /Users/vkancherla/.jit-host-share)...
51d162f704995c90d2655dd5903e0c398117ed2aa22fc193348b077753b61bca
Runner started at 172.19.0.10.
CRD infraclaims.jit.io established
deployment "jit-controller" successfully rolled out
controller Ready; watching: 
PASS: jit stack up - MinIO, runner running, CRD, controller
importing jit-controller:latest into cluster 'voting-app'...
[36mINFO[0m[0000] Importing image(s) into cluster 'voting-app' 
[36mINFO[0m[0000] Starting new tools node...                   
[36mINFO[0m[0000] Starting node 'k3d-voting-app-tools'         
[36mINFO[0m[0000] Saving 1 image(s) from runtime...            
[36mINFO[0m[0001] Importing images into nodes...               
[36mINFO[0m[0001] Importing images from tarball '/k3d/images/k3d-voting-app-images-20260913021958.tar' into node 'k3d-voting-app-agent-0'... 
[36mINFO[0m[0001] Importing images from tarball '/k3d/images/k3d-voting-app-images-20260913021958.tar' into node 'k3d-voting-app-server-0'... 
[36mINFO[0m[0004] Removing the tarball(s) from image volume... 
[36mINFO[0m[0005] Removing k3d-tools node...                   
[36mINFO[0m[0005] Successfully imported image(s)               
[36mINFO[0m[0005] Successfully imported 1 image(s) into 1 cluster(s) 
OK: bucket 'jit-state' created
MinIO up at http://127.0.0.1:9000 (console http://localhost:9001); bucket jit-state ready
Building runner image...
#0 building with "rancher-desktop" instance using docker driver

#1 [internal] load build definition from Dockerfile
#1 transferring dockerfile: 714B done
#1 DONE 0.0s

#2 [internal] load metadata for docker.io/library/debian:bookworm-slim
#2 ...

#3 [auth] library/debian:pull token for registry-1.docker.io
#3 DONE 0.0s

#2 [internal] load metadata for docker.io/library/debian:bookworm-slim
#2 DONE 3.2s

#4 [internal] load .dockerignore
#4 transferring context: 2B done
#4 DONE 0.0s

#5 [1/7] FROM docker.io/library/debian:bookworm-slim@sha256:88200866dfff7ea7f5cbcb6ec7c8a701889efe6fe859fe64d6990e4b07ea4171
#5 DONE 0.0s

#6 [internal] load build context
#6 transferring context: 64B done
#6 DONE 0.0s

#7 [5/7] COPY requirements.txt .
#7 CACHED

#8 [6/7] RUN python3 -m venv /opt/venv &&     /opt/venv/bin/pip install --upgrade pip &&     /opt/venv/bin/pip install -r requirements.txt
#8 CACHED

#9 [3/7] RUN apt-get update && apt-get install -y wget unzip python3 python3-pip python3-venv curl jq bash && rm -rf /var/lib/apt/lists/*
#9 CACHED

#10 [4/7] RUN wget -qO /tmp/tofu.zip https://github.com/opentofu/opentofu/releases/download/v1.8.1/tofu_1.8.1_linux_arm64.zip &&     unzip -q /tmp/tofu.zip -d /usr/local/bin && rm /tmp/tofu.zip &&     chmod +x /usr/local/bin/tofu
#10 CACHED

#11 [2/7] WORKDIR /opt/jit-runner
#11 CACHED

#12 [7/7] COPY main.py .
#12 CACHED

#13 exporting to image
#13 exporting layers done
#13 writing image sha256:5249cf3723f6881bd5b2127596d331170d1cce934b5312c699f325da5374ea9a done
#13 naming to docker.io/library/jit-runner:latest done
#13 DONE 0.0s
Image built.
Stopping runner...
Runner stopped.
Starting runner at 172.19.0.10 (shared dir /Users/vkancherla/.jit-host-share)...
8da44712d4f6adc0cdff7768d86f20df74dbb847e93fea17bbfb1cbbf583b7de
Runner started at 172.19.0.10.
CRD infraclaims.jit.io established
Waiting for deployment "jit-controller" rollout to finish: 0 of 1 updated replicas are available...
deployment "jit-controller" successfully rolled out
controller Ready; watching: 
PASS: jit stack up - MinIO, runner running, CRD, controller
importing jit-controller:latest into cluster 'voting-app'...
[36mINFO[0m[0000] Importing image(s) into cluster 'voting-app' 
[36mINFO[0m[0000] Starting new tools node...                   
[36mINFO[0m[0000] Starting node 'k3d-voting-app-tools'         
[36mINFO[0m[0000] Saving 1 image(s) from runtime...            
[36mINFO[0m[0002] Importing images into nodes...               
[36mINFO[0m[0002] Importing images from tarball '/k3d/images/k3d-voting-app-images-20260915174813.tar' into node 'k3d-voting-app-server-0'... 
[36mINFO[0m[0002] Importing images from tarball '/k3d/images/k3d-voting-app-images-20260915174813.tar' into node 'k3d-voting-app-agent-0'... 
[36mINFO[0m[0005] Removing the tarball(s) from image volume... 
[36mINFO[0m[0006] Removing k3d-tools node...                   
[36mINFO[0m[0006] Successfully imported image(s)               
[36mINFO[0m[0006] Successfully imported 1 image(s) into 1 cluster(s) 
OK: bucket 'jit-state' created
MinIO up at http://127.0.0.1:9000 (console http://localhost:9001); bucket jit-state ready
Building runner image...
#0 building with "rancher-desktop" instance using docker driver

#1 [internal] load build definition from Dockerfile
#1 transferring dockerfile: 714B done
#1 DONE 0.0s

#2 [internal] load metadata for docker.io/library/debian:bookworm-slim
#2 ...

#3 [auth] library/debian:pull token for registry-1.docker.io
#3 DONE 0.0s

#2 [internal] load metadata for docker.io/library/debian:bookworm-slim
#2 DONE 0.7s

#4 [internal] load .dockerignore
#4 transferring context: 2B done
#4 DONE 0.0s

#5 [1/7] FROM docker.io/library/debian:bookworm-slim@sha256:88200866dfff7ea7f5cbcb6ec7c8a701889efe6fe859fe64d6990e4b07ea4171
#5 DONE 0.0s

#6 [internal] load build context
#6 transferring context: 64B done
#6 DONE 0.0s

#7 [2/7] WORKDIR /opt/jit-runner
#7 CACHED

#8 [3/7] RUN apt-get update && apt-get install -y wget unzip python3 python3-pip python3-venv curl jq bash && rm -rf /var/lib/apt/lists/*
#8 CACHED

#9 [4/7] RUN wget -qO /tmp/tofu.zip https://github.com/opentofu/opentofu/releases/download/v1.8.1/tofu_1.8.1_linux_arm64.zip &&     unzip -q /tmp/tofu.zip -d /usr/local/bin && rm /tmp/tofu.zip &&     chmod +x /usr/local/bin/tofu
#9 CACHED

#10 [6/7] RUN python3 -m venv /opt/venv &&     /opt/venv/bin/pip install --upgrade pip &&     /opt/venv/bin/pip install -r requirements.txt
#10 CACHED

#11 [5/7] COPY requirements.txt .
#11 CACHED

#12 [7/7] COPY main.py .
#12 CACHED

#13 exporting to image
#13 exporting layers done
#13 writing image sha256:5249cf3723f6881bd5b2127596d331170d1cce934b5312c699f325da5374ea9a done
#13 naming to docker.io/library/jit-runner:latest done
#13 DONE 0.0s
Image built.
Stopping runner...
Runner stopped.
Starting runner at 172.19.0.10 (shared dir /Users/vkancherla/.jit-host-share)...
9138507644d833181902383cc2bc459d70faa4f26b96fcf0049900f9c71c637a
Runner started at 172.19.0.10.
CRD infraclaims.jit.io established
deployment "jit-controller" successfully rolled out
controller Ready; watching: 
PASS: jit stack up - MinIO, runner running, CRD, controller
importing jit-controller:latest into cluster 'voting-app'...
[36mINFO[0m[0000] Importing image(s) into cluster 'voting-app' 
[36mINFO[0m[0000] Starting new tools node...                   
[36mINFO[0m[0000] Starting node 'k3d-voting-app-tools'         
[36mINFO[0m[0000] Saving 1 image(s) from runtime...            
[36mINFO[0m[0002] Importing images into nodes...               
[36mINFO[0m[0002] Importing images from tarball '/k3d/images/k3d-voting-app-images-20260915194930.tar' into node 'k3d-voting-app-agent-0'... 
[36mINFO[0m[0002] Importing images from tarball '/k3d/images/k3d-voting-app-images-20260915194930.tar' into node 'k3d-voting-app-server-0'... 
[36mINFO[0m[0005] Removing the tarball(s) from image volume... 
[36mINFO[0m[0006] Removing k3d-tools node...                   
[36mINFO[0m[0006] Successfully imported image(s)               
[36mINFO[0m[0006] Successfully imported 1 image(s) into 1 cluster(s) 
OK: bucket 'jit-state' created
MinIO up at http://127.0.0.1:9000 (console http://localhost:9001); bucket jit-state ready
Building runner image...
#0 building with "rancher-desktop" instance using docker driver

#1 [internal] load build definition from Dockerfile
#1 transferring dockerfile: 714B done
#1 DONE 0.0s

#2 [internal] load metadata for docker.io/library/debian:bookworm-slim
#2 ...

#3 [auth] library/debian:pull token for registry-1.docker.io
#3 DONE 0.0s

#2 [internal] load metadata for docker.io/library/debian:bookworm-slim
#2 DONE 1.4s

#4 [internal] load .dockerignore
#4 transferring context: 2B done
#4 DONE 0.0s

#5 [1/7] FROM docker.io/library/debian:bookworm-slim@sha256:88200866dfff7ea7f5cbcb6ec7c8a701889efe6fe859fe64d6990e4b07ea4171
#5 DONE 0.0s

#6 [internal] load build context
#6 transferring context: 64B done
#6 DONE 0.0s

#7 [2/7] WORKDIR /opt/jit-runner
#7 CACHED

#8 [3/7] RUN apt-get update && apt-get install -y wget unzip python3 python3-pip python3-venv curl jq bash && rm -rf /var/lib/apt/lists/*
#8 CACHED

#9 [4/7] RUN wget -qO /tmp/tofu.zip https://github.com/opentofu/opentofu/releases/download/v1.8.1/tofu_1.8.1_linux_arm64.zip &&     unzip -q /tmp/tofu.zip -d /usr/local/bin && rm /tmp/tofu.zip &&     chmod +x /usr/local/bin/tofu
#9 CACHED

#10 [5/7] COPY requirements.txt .
#10 CACHED

#11 [6/7] RUN python3 -m venv /opt/venv &&     /opt/venv/bin/pip install --upgrade pip &&     /opt/venv/bin/pip install -r requirements.txt
#11 CACHED

#12 [7/7] COPY main.py .
#12 CACHED

#13 exporting to image
#13 exporting layers done
#13 writing image sha256:5249cf3723f6881bd5b2127596d331170d1cce934b5312c699f325da5374ea9a done
#13 naming to docker.io/library/jit-runner:latest done
#13 DONE 0.0s
Image built.
Stopping runner...
Runner stopped.
Starting runner at 172.19.0.10 (shared dir /Users/vkancherla/.jit-host-share)...
189ca7c440dccf36a59bca13e4d9a9ed68281f541157441494ef42b3b1f29565
Runner started at 172.19.0.10.
CRD infraclaims.jit.io established
deployment "jit-controller" successfully rolled out
controller Ready; watching: 
PASS: jit stack up - MinIO, runner running, CRD, controller
importing jit-controller:latest into cluster 'voting-app'...
[36mINFO[0m[0000] Importing image(s) into cluster 'voting-app' 
[36mINFO[0m[0000] Starting new tools node...                   
[36mINFO[0m[0000] Starting node 'k3d-voting-app-tools'         
[36mINFO[0m[0000] Saving 1 image(s) from runtime...            
[36mINFO[0m[0002] Importing images into nodes...               
[36mINFO[0m[0002] Importing images from tarball '/k3d/images/k3d-voting-app-images-20260916155851.tar' into node 'k3d-voting-app-server-0'... 
[36mINFO[0m[0002] Importing images from tarball '/k3d/images/k3d-voting-app-images-20260916155851.tar' into node 'k3d-voting-app-agent-0'... 
[36mINFO[0m[0005] Removing the tarball(s) from image volume... 
[36mINFO[0m[0006] Removing k3d-tools node...                   
[36mINFO[0m[0006] Successfully imported image(s)               
[36mINFO[0m[0006] Successfully imported 1 image(s) into 1 cluster(s) 
OK: bucket 'jit-state' created
MinIO up at http://127.0.0.1:9000 (console http://localhost:9001); bucket jit-state ready
Building runner image...
#0 building with "rancher-desktop" instance using docker driver

#1 [internal] load build definition from Dockerfile
#1 transferring dockerfile: 714B done
#1 DONE 0.0s

#2 [internal] load metadata for docker.io/library/debian:bookworm-slim
#2 ...

#3 [auth] library/debian:pull token for registry-1.docker.io
#3 DONE 0.0s

#2 [internal] load metadata for docker.io/library/debian:bookworm-slim
#2 DONE 1.0s

#4 [internal] load .dockerignore
#4 transferring context: 2B done
#4 DONE 0.0s

#5 [1/7] FROM docker.io/library/debian:bookworm-slim@sha256:88200866dfff7ea7f5cbcb6ec7c8a701889efe6fe859fe64d6990e4b07ea4171
#5 DONE 0.0s

#6 [internal] load build context
#6 transferring context: 64B done
#6 DONE 0.0s

#7 [6/7] RUN python3 -m venv /opt/venv &&     /opt/venv/bin/pip install --upgrade pip &&     /opt/venv/bin/pip install -r requirements.txt
#7 CACHED

#8 [2/7] WORKDIR /opt/jit-runner
#8 CACHED

#9 [3/7] RUN apt-get update && apt-get install -y wget unzip python3 python3-pip python3-venv curl jq bash && rm -rf /var/lib/apt/lists/*
#9 CACHED

#10 [4/7] RUN wget -qO /tmp/tofu.zip https://github.com/opentofu/opentofu/releases/download/v1.8.1/tofu_1.8.1_linux_arm64.zip &&     unzip -q /tmp/tofu.zip -d /usr/local/bin && rm /tmp/tofu.zip &&     chmod +x /usr/local/bin/tofu
#10 CACHED

#11 [5/7] COPY requirements.txt .
#11 CACHED

#12 [7/7] COPY main.py .
#12 CACHED

#13 exporting to image
#13 exporting layers done
#13 writing image sha256:5249cf3723f6881bd5b2127596d331170d1cce934b5312c699f325da5374ea9a done
#13 naming to docker.io/library/jit-runner:latest done
#13 DONE 0.0s
Image built.
Stopping runner...
Runner stopped.
Starting runner at 172.19.0.10 (shared dir /Users/vkancherla/.jit-host-share)...
9212f82086318205d0567259853b88d8abb2de1067fe4124e45ec87b10368d34
Runner started at 172.19.0.10.
CRD infraclaims.jit.io established
deployment "jit-controller" successfully rolled out
controller Ready; watching: 
PASS: jit stack up - MinIO, runner running, CRD, controller
importing jit-controller:latest into cluster 'voting-app'...
[36mINFO[0m[0000] Importing image(s) into cluster 'voting-app' 
[36mINFO[0m[0000] Starting new tools node...                   
[36mINFO[0m[0000] Starting node 'k3d-voting-app-tools'         
[36mINFO[0m[0000] Saving 1 image(s) from runtime...            
[36mINFO[0m[0002] Importing images into nodes...               
[36mINFO[0m[0002] Importing images from tarball '/k3d/images/k3d-voting-app-images-20260917184507.tar' into node 'k3d-voting-app-server-0'... 
[36mINFO[0m[0002] Importing images from tarball '/k3d/images/k3d-voting-app-images-20260917184507.tar' into node 'k3d-voting-app-agent-0'... 
[36mINFO[0m[0006] Removing the tarball(s) from image volume... 
[36mINFO[0m[0007] Removing k3d-tools node...                   
[36mINFO[0m[0007] Successfully imported image(s)               
[36mINFO[0m[0007] Successfully imported 1 image(s) into 1 cluster(s) 
OK: bucket 'jit-state' created
MinIO up at http://127.0.0.1:9000 (console http://localhost:9001); bucket jit-state ready
Building runner image...
#0 building with "rancher-desktop" instance using docker driver

#1 [internal] load build definition from Dockerfile
#1 transferring dockerfile: 714B done
#1 DONE 0.0s

#2 [internal] load metadata for docker.io/library/debian:bookworm-slim
#2 ...

#3 [auth] library/debian:pull token for registry-1.docker.io
#3 DONE 0.0s

#2 [internal] load metadata for docker.io/library/debian:bookworm-slim
#2 DONE 0.9s

#4 [internal] load .dockerignore
#4 transferring context: 2B done
#4 DONE 0.0s

#5 [1/7] FROM docker.io/library/debian:bookworm-slim@sha256:88200866dfff7ea7f5cbcb6ec7c8a701889efe6fe859fe64d6990e4b07ea4171
#5 DONE 0.0s

#6 [internal] load build context
#6 transferring context: 64B done
#6 DONE 0.0s

#7 [3/7] RUN apt-get update && apt-get install -y wget unzip python3 python3-pip python3-venv curl jq bash && rm -rf /var/lib/apt/lists/*
#7 CACHED

#8 [4/7] RUN wget -qO /tmp/tofu.zip https://github.com/opentofu/opentofu/releases/download/v1.8.1/tofu_1.8.1_linux_arm64.zip &&     unzip -q /tmp/tofu.zip -d /usr/local/bin && rm /tmp/tofu.zip &&     chmod +x /usr/local/bin/tofu
#8 CACHED

#9 [2/7] WORKDIR /opt/jit-runner
#9 CACHED

#10 [5/7] COPY requirements.txt .
#10 CACHED

#11 [6/7] RUN python3 -m venv /opt/venv &&     /opt/venv/bin/pip install --upgrade pip &&     /opt/venv/bin/pip install -r requirements.txt
#11 CACHED

#12 [7/7] COPY main.py .
#12 CACHED

#13 exporting to image
#13 exporting layers done
#13 writing image sha256:5249cf3723f6881bd5b2127596d331170d1cce934b5312c699f325da5374ea9a done
#13 naming to docker.io/library/jit-runner:latest done
#13 DONE 0.0s
Image built.
Stopping runner...
Runner stopped.
Starting runner at 172.19.0.10 (shared dir /Users/vkancherla/.jit-host-share)...
bf10b8a99b19e9ed0ab99a7c5603d78ffad533d0f1ed2097cb2d360a9a34b666
Runner started at 172.19.0.10.
CRD infraclaims.jit.io established
deployment "jit-controller" successfully rolled out
controller Ready; watching: 
PASS: jit stack up - MinIO, runner running, CRD, controller
importing jit-controller:latest into cluster 'voting-app'...
[36mINFO[0m[0000] Importing image(s) into cluster 'voting-app' 
[36mINFO[0m[0000] Starting new tools node...                   
[36mINFO[0m[0000] Starting node 'k3d-voting-app-tools'         
[36mINFO[0m[0000] Saving 1 image(s) from runtime...            
[36mINFO[0m[0002] Importing images into nodes...               
[36mINFO[0m[0002] Importing images from tarball '/k3d/images/k3d-voting-app-images-20260917190450.tar' into node 'k3d-voting-app-server-0'... 
[36mINFO[0m[0002] Importing images from tarball '/k3d/images/k3d-voting-app-images-20260917190450.tar' into node 'k3d-voting-app-agent-0'... 
[36mINFO[0m[0005] Removing the tarball(s) from image volume... 
[36mINFO[0m[0006] Removing k3d-tools node...                   
[36mINFO[0m[0006] Successfully imported image(s)               
[36mINFO[0m[0006] Successfully imported 1 image(s) into 1 cluster(s) 
OK: bucket 'jit-state' created
MinIO up at http://127.0.0.1:9000 (console http://localhost:9001); bucket jit-state ready
Building runner image...
#0 building with "rancher-desktop" instance using docker driver

#1 [internal] load build definition from Dockerfile
#1 transferring dockerfile: 714B done
#1 DONE 0.0s

#2 [internal] load metadata for docker.io/library/debian:bookworm-slim
#2 ...

#3 [auth] library/debian:pull token for registry-1.docker.io
#3 DONE 0.0s

#2 [internal] load metadata for docker.io/library/debian:bookworm-slim
#2 DONE 0.6s

#4 [internal] load .dockerignore
#4 transferring context: 2B done
#4 DONE 0.0s

#5 [1/7] FROM docker.io/library/debian:bookworm-slim@sha256:88200866dfff7ea7f5cbcb6ec7c8a701889efe6fe859fe64d6990e4b07ea4171
#5 DONE 0.0s

#6 [internal] load build context
#6 transferring context: 64B done
#6 DONE 0.0s

#7 [6/7] RUN python3 -m venv /opt/venv &&     /opt/venv/bin/pip install --upgrade pip &&     /opt/venv/bin/pip install -r requirements.txt
#7 CACHED

#8 [4/7] RUN wget -qO /tmp/tofu.zip https://github.com/opentofu/opentofu/releases/download/v1.8.1/tofu_1.8.1_linux_arm64.zip &&     unzip -q /tmp/tofu.zip -d /usr/local/bin && rm /tmp/tofu.zip &&     chmod +x /usr/local/bin/tofu
#8 CACHED

#9 [5/7] COPY requirements.txt .
#9 CACHED

#10 [3/7] RUN apt-get update && apt-get install -y wget unzip python3 python3-pip python3-venv curl jq bash && rm -rf /var/lib/apt/lists/*
#10 CACHED

#11 [2/7] WORKDIR /opt/jit-runner
#11 CACHED

#12 [7/7] COPY main.py .
#12 CACHED

#13 exporting to image
#13 exporting layers done
#13 writing image sha256:5249cf3723f6881bd5b2127596d331170d1cce934b5312c699f325da5374ea9a done
#13 naming to docker.io/library/jit-runner:latest done
#13 DONE 0.0s
Image built.
Stopping runner...
Runner stopped.
Starting runner at 172.19.0.10 (shared dir /Users/vkancherla/.jit-host-share)...
ce486d20d441761333f05716d3fcb26780c62274e82bb80f6761b2005ddd3f5c
Runner started at 172.19.0.10.
CRD infraclaims.jit.io established
deployment "jit-controller" successfully rolled out
controller Ready; watching: 
PASS: jit stack up - MinIO, runner running, CRD, controller
importing jit-controller:latest into cluster 'voting-app'...
[36mINFO[0m[0000] Importing image(s) into cluster 'voting-app' 
[36mINFO[0m[0000] Starting new tools node...                   
[36mINFO[0m[0000] Starting node 'k3d-voting-app-tools'         
[36mINFO[0m[0000] Saving 1 image(s) from runtime...            
[36mINFO[0m[0001] Importing images into nodes...               
[36mINFO[0m[0001] Importing images from tarball '/k3d/images/k3d-voting-app-images-20260917203424.tar' into node 'k3d-voting-app-server-0'... 
[36mINFO[0m[0001] Importing images from tarball '/k3d/images/k3d-voting-app-images-20260917203424.tar' into node 'k3d-voting-app-agent-0'... 
[36mINFO[0m[0004] Removing the tarball(s) from image volume... 
[36mINFO[0m[0005] Removing k3d-tools node...                   
[36mINFO[0m[0005] Successfully imported image(s)               
[36mINFO[0m[0005] Successfully imported 1 image(s) into 1 cluster(s) 
OK: bucket 'jit-state' created
MinIO up at http://127.0.0.1:9000 (console http://localhost:9001); bucket jit-state ready
Building runner image...
#0 building with "rancher-desktop" instance using docker driver

#1 [internal] load build definition from Dockerfile
#1 transferring dockerfile: 714B done
#1 DONE 0.0s

#2 [internal] load metadata for docker.io/library/debian:bookworm-slim
#2 ...

#3 [auth] library/debian:pull token for registry-1.docker.io
#3 DONE 0.0s

#2 [internal] load metadata for docker.io/library/debian:bookworm-slim
#2 DONE 0.6s

#4 [internal] load .dockerignore
#4 transferring context: 2B done
#4 DONE 0.0s

#5 [1/7] FROM docker.io/library/debian:bookworm-slim@sha256:88200866dfff7ea7f5cbcb6ec7c8a701889efe6fe859fe64d6990e4b07ea4171
#5 DONE 0.0s

#6 [internal] load build context
#6 transferring context: 64B done
#6 DONE 0.0s

#7 [5/7] COPY requirements.txt .
#7 CACHED

#8 [6/7] RUN python3 -m venv /opt/venv &&     /opt/venv/bin/pip install --upgrade pip &&     /opt/venv/bin/pip install -r requirements.txt
#8 CACHED

#9 [4/7] RUN wget -qO /tmp/tofu.zip https://github.com/opentofu/opentofu/releases/download/v1.8.1/tofu_1.8.1_linux_arm64.zip &&     unzip -q /tmp/tofu.zip -d /usr/local/bin && rm /tmp/tofu.zip &&     chmod +x /usr/local/bin/tofu
#9 CACHED

#10 [2/7] WORKDIR /opt/jit-runner
#10 CACHED

#11 [3/7] RUN apt-get update && apt-get install -y wget unzip python3 python3-pip python3-venv curl jq bash && rm -rf /var/lib/apt/lists/*
#11 CACHED

#12 [7/7] COPY main.py .
#12 CACHED

#13 exporting to image
#13 exporting layers done
#13 writing image sha256:5249cf3723f6881bd5b2127596d331170d1cce934b5312c699f325da5374ea9a done
#13 naming to docker.io/library/jit-runner:latest done
#13 DONE 0.0s
Image built.
Stopping runner...
Runner stopped.
Starting runner at 172.19.0.10 (shared dir /Users/vkancherla/.jit-host-share)...
4289b8f82e70424b7b5430a31e3bc1be64eaf844cd9f3303cf2521edcf344dbe
Runner started at 172.19.0.10.
CRD infraclaims.jit.io established
Waiting for deployment "jit-controller" rollout to finish: 0 of 1 updated replicas are available...
deployment "jit-controller" successfully rolled out
controller Ready; watching: 
PASS: jit stack up - MinIO, runner running, CRD, controller
importing jit-controller:latest into cluster 'voting-app'...
[36mINFO[0m[0000] Importing image(s) into cluster 'voting-app' 
[36mINFO[0m[0000] Starting new tools node...                   
[36mINFO[0m[0000] Starting node 'k3d-voting-app-tools'         
[36mINFO[0m[0000] Saving 1 image(s) from runtime...            
[36mINFO[0m[0002] Importing images into nodes...               
[36mINFO[0m[0002] Importing images from tarball '/k3d/images/k3d-voting-app-images-20260917204331.tar' into node 'k3d-voting-app-server-0'... 
[36mINFO[0m[0002] Importing images from tarball '/k3d/images/k3d-voting-app-images-20260917204331.tar' into node 'k3d-voting-app-agent-0'... 
[36mINFO[0m[0005] Removing the tarball(s) from image volume... 
[36mINFO[0m[0006] Removing k3d-tools node...                   
[36mINFO[0m[0006] Successfully imported image(s)               
[36mINFO[0m[0006] Successfully imported 1 image(s) into 1 cluster(s) 
OK: bucket 'jit-state' created
MinIO up at http://127.0.0.1:9000 (console http://localhost:9001); bucket jit-state ready
Building runner image...
#0 building with "rancher-desktop" instance using docker driver

#1 [internal] load build definition from Dockerfile
#1 transferring dockerfile: 714B done
#1 DONE 0.0s

#2 [auth] library/debian:pull token for registry-1.docker.io
#2 DONE 0.0s

#3 [internal] load metadata for docker.io/library/debian:bookworm-slim
#3 DONE 2.5s

#4 [internal] load .dockerignore
#4 transferring context: 2B done
#4 DONE 0.0s

#5 [1/7] FROM docker.io/library/debian:bookworm-slim@sha256:88200866dfff7ea7f5cbcb6ec7c8a701889efe6fe859fe64d6990e4b07ea4171
#5 DONE 0.0s

#6 [internal] load build context
#6 transferring context: 64B done
#6 DONE 0.0s

#7 [2/7] WORKDIR /opt/jit-runner
#7 CACHED

#8 [3/7] RUN apt-get update && apt-get install -y wget unzip python3 python3-pip python3-venv curl jq bash && rm -rf /var/lib/apt/lists/*
#8 CACHED

#9 [5/7] COPY requirements.txt .
#9 CACHED

#10 [6/7] RUN python3 -m venv /opt/venv &&     /opt/venv/bin/pip install --upgrade pip &&     /opt/venv/bin/pip install -r requirements.txt
#10 CACHED

#11 [4/7] RUN wget -qO /tmp/tofu.zip https://github.com/opentofu/opentofu/releases/download/v1.8.1/tofu_1.8.1_linux_arm64.zip &&     unzip -q /tmp/tofu.zip -d /usr/local/bin && rm /tmp/tofu.zip &&     chmod +x /usr/local/bin/tofu
#11 CACHED

#12 [7/7] COPY main.py .
#12 CACHED

#13 exporting to image
#13 exporting layers done
#13 writing image sha256:5249cf3723f6881bd5b2127596d331170d1cce934b5312c699f325da5374ea9a done
#13 naming to docker.io/library/jit-runner:latest done
#13 DONE 0.0s
Image built.
Stopping runner...
Runner stopped.
Starting runner at 172.19.0.10 (shared dir /Users/vkancherla/.jit-host-share)...
88266b279a6e8eaadacb6d379c11cc0780ff6d1d41839598751da854dfa66e5e
Runner started at 172.19.0.10.
CRD infraclaims.jit.io established
deployment "jit-controller" successfully rolled out
controller Ready; watching: 
PASS: jit stack up - MinIO, runner running, CRD, controller
importing jit-controller:latest into cluster 'voting-app'...
[36mINFO[0m[0000] Importing image(s) into cluster 'voting-app' 
[36mINFO[0m[0000] Starting new tools node...                   
[36mINFO[0m[0000] Starting node 'k3d-voting-app-tools'         
[36mINFO[0m[0000] Saving 1 image(s) from runtime...            
[36mINFO[0m[0002] Importing images into nodes...               
[36mINFO[0m[0002] Importing images from tarball '/k3d/images/k3d-voting-app-images-20260918175555.tar' into node 'k3d-voting-app-server-0'... 
[36mINFO[0m[0002] Importing images from tarball '/k3d/images/k3d-voting-app-images-20260918175555.tar' into node 'k3d-voting-app-agent-0'... 
[36mINFO[0m[0006] Removing the tarball(s) from image volume... 
[36mINFO[0m[0007] Removing k3d-tools node...                   
[36mINFO[0m[0007] Successfully imported image(s)               
[36mINFO[0m[0007] Successfully imported 1 image(s) into 1 cluster(s) 
OK: bucket 'jit-state' created
MinIO up at http://127.0.0.1:9000 (console http://localhost:9001); bucket jit-state ready
Building runner image...
#0 building with "rancher-desktop" instance using docker driver

#1 [internal] load build definition from Dockerfile
#1 transferring dockerfile: 714B done
#1 DONE 0.0s

#2 [internal] load metadata for docker.io/library/debian:bookworm-slim
#2 ...

#3 [auth] library/debian:pull token for registry-1.docker.io
#3 DONE 0.0s

#2 [internal] load metadata for docker.io/library/debian:bookworm-slim
#2 DONE 0.9s

#4 [internal] load .dockerignore
#4 transferring context: 2B done
#4 DONE 0.0s

#5 [1/7] FROM docker.io/library/debian:bookworm-slim@sha256:88200866dfff7ea7f5cbcb6ec7c8a701889efe6fe859fe64d6990e4b07ea4171
#5 DONE 0.0s

#6 [internal] load build context
#6 transferring context: 64B done
#6 DONE 0.0s

#7 [6/7] RUN python3 -m venv /opt/venv &&     /opt/venv/bin/pip install --upgrade pip &&     /opt/venv/bin/pip install -r requirements.txt
#7 CACHED

#8 [2/7] WORKDIR /opt/jit-runner
#8 CACHED

#9 [5/7] COPY requirements.txt .
#9 CACHED

#10 [3/7] RUN apt-get update && apt-get install -y wget unzip python3 python3-pip python3-venv curl jq bash && rm -rf /var/lib/apt/lists/*
#10 CACHED

#11 [4/7] RUN wget -qO /tmp/tofu.zip https://github.com/opentofu/opentofu/releases/download/v1.8.1/tofu_1.8.1_linux_arm64.zip &&     unzip -q /tmp/tofu.zip -d /usr/local/bin && rm /tmp/tofu.zip &&     chmod +x /usr/local/bin/tofu
#11 CACHED

#12 [7/7] COPY main.py .
#12 CACHED

#13 exporting to image
#13 exporting layers done
#13 writing image sha256:5249cf3723f6881bd5b2127596d331170d1cce934b5312c699f325da5374ea9a done
#13 naming to docker.io/library/jit-runner:latest done
#13 DONE 0.0s
Image built.
Stopping runner...
Runner stopped.
Starting runner at 172.19.0.10 (shared dir /Users/vkancherla/.jit-host-share)...
7818a99c3b649ef8a760a909fce7e017af4c72d60878e2fd22f705f801d27bb8
Runner started at 172.19.0.10.
CRD infraclaims.jit.io established
deployment "jit-controller" successfully rolled out
controller Ready; watching: 
PASS: jit stack up - MinIO, runner running, CRD, controller
importing jit-controller:latest into cluster 'voting-app'...
[36mINFO[0m[0000] Importing image(s) into cluster 'voting-app' 
[36mINFO[0m[0000] Starting new tools node...                   
[36mINFO[0m[0000] Starting node 'k3d-voting-app-tools'         
[36mINFO[0m[0000] Saving 1 image(s) from runtime...            
[36mINFO[0m[0002] Importing images into nodes...               
[36mINFO[0m[0002] Importing images from tarball '/k3d/images/k3d-voting-app-images-20260918182014.tar' into node 'k3d-voting-app-server-0'... 
[36mINFO[0m[0002] Importing images from tarball '/k3d/images/k3d-voting-app-images-20260918182014.tar' into node 'k3d-voting-app-agent-0'... 
[36mINFO[0m[0006] Removing the tarball(s) from image volume... 
[36mINFO[0m[0007] Removing k3d-tools node...                   
[36mINFO[0m[0007] Successfully imported image(s)               
[36mINFO[0m[0007] Successfully imported 1 image(s) into 1 cluster(s) 
OK: bucket 'jit-state' created
MinIO up at http://127.0.0.1:9000 (console http://localhost:9001); bucket jit-state ready
Building runner image...
#0 building with "rancher-desktop" instance using docker driver

#1 [internal] load build definition from Dockerfile
#1 transferring dockerfile: 714B done
#1 DONE 0.0s

#2 [internal] load metadata for docker.io/library/debian:bookworm-slim
#2 ...

#3 [auth] library/debian:pull token for registry-1.docker.io
#3 DONE 0.0s

#2 [internal] load metadata for docker.io/library/debian:bookworm-slim
#2 DONE 1.0s

#4 [internal] load .dockerignore
#4 transferring context: 2B done
#4 DONE 0.0s

#5 [1/7] FROM docker.io/library/debian:bookworm-slim@sha256:88200866dfff7ea7f5cbcb6ec7c8a701889efe6fe859fe64d6990e4b07ea4171
#5 DONE 0.0s

#6 [internal] load build context
#6 transferring context: 64B done
#6 DONE 0.0s

#7 [3/7] RUN apt-get update && apt-get install -y wget unzip python3 python3-pip python3-venv curl jq bash && rm -rf /var/lib/apt/lists/*
#7 CACHED

#8 [4/7] RUN wget -qO /tmp/tofu.zip https://github.com/opentofu/opentofu/releases/download/v1.8.1/tofu_1.8.1_linux_arm64.zip &&     unzip -q /tmp/tofu.zip -d /usr/local/bin && rm /tmp/tofu.zip &&     chmod +x /usr/local/bin/tofu
#8 CACHED

#9 [6/7] RUN python3 -m venv /opt/venv &&     /opt/venv/bin/pip install --upgrade pip &&     /opt/venv/bin/pip install -r requirements.txt
#9 CACHED

#10 [5/7] COPY requirements.txt .
#10 CACHED

#11 [2/7] WORKDIR /opt/jit-runner
#11 CACHED

#12 [7/7] COPY main.py .
#12 CACHED

#13 exporting to image
#13 exporting layers done
#13 writing image sha256:5249cf3723f6881bd5b2127596d331170d1cce934b5312c699f325da5374ea9a done
#13 naming to docker.io/library/jit-runner:latest done
#13 DONE 0.0s
Image built.
Stopping runner...
Runner stopped.
Starting runner at 172.19.0.10 (shared dir /Users/vkancherla/.jit-host-share)...
8bc65f7b4e292114f1628f9c3f9af897a9675298207210f750cbafd4d2bdae45
Runner started at 172.19.0.10.
CRD infraclaims.jit.io established
deployment "jit-controller" successfully rolled out
controller Ready; watching: 
PASS: jit stack up - MinIO, runner running, CRD, controller
importing jit-controller:latest into cluster 'voting-app'...
[36mINFO[0m[0000] Importing image(s) into cluster 'voting-app' 
[36mINFO[0m[0000] Starting new tools node...                   
[36mINFO[0m[0000] Starting node 'k3d-voting-app-tools'         
[36mINFO[0m[0000] Saving 1 image(s) from runtime...            
[36mINFO[0m[0002] Importing images into nodes...               
[36mINFO[0m[0002] Importing images from tarball '/k3d/images/k3d-voting-app-images-20260918233637.tar' into node 'k3d-voting-app-server-0'... 
[36mINFO[0m[0002] Importing images from tarball '/k3d/images/k3d-voting-app-images-20260918233637.tar' into node 'k3d-voting-app-agent-0'... 
[36mINFO[0m[0005] Removing the tarball(s) from image volume... 
[36mINFO[0m[0006] Removing k3d-tools node...                   
[36mINFO[0m[0006] Successfully imported image(s)               
[36mINFO[0m[0006] Successfully imported 1 image(s) into 1 cluster(s) 
OK: bucket 'jit-state' created
MinIO up at http://127.0.0.1:9000 (console http://localhost:9001); bucket jit-state ready
Building runner image...
#0 building with "rancher-desktop" instance using docker driver

#1 [internal] load build definition from Dockerfile
#1 transferring dockerfile: 714B done
#1 DONE 0.0s

#2 [internal] load metadata for docker.io/library/debian:bookworm-slim
#2 ...

#3 [auth] library/debian:pull token for registry-1.docker.io
#3 DONE 0.0s

#2 [internal] load metadata for docker.io/library/debian:bookworm-slim
#2 DONE 2.0s

#4 [internal] load .dockerignore
#4 transferring context: 2B done
#4 DONE 0.0s

#5 [1/7] FROM docker.io/library/debian:bookworm-slim@sha256:88200866dfff7ea7f5cbcb6ec7c8a701889efe6fe859fe64d6990e4b07ea4171
#5 DONE 0.0s

#6 [internal] load build context
#6 transferring context: 64B done
#6 DONE 0.0s

#7 [3/7] RUN apt-get update && apt-get install -y wget unzip python3 python3-pip python3-venv curl jq bash && rm -rf /var/lib/apt/lists/*
#7 CACHED

#8 [4/7] RUN wget -qO /tmp/tofu.zip https://github.com/opentofu/opentofu/releases/download/v1.8.1/tofu_1.8.1_linux_arm64.zip &&     unzip -q /tmp/tofu.zip -d /usr/local/bin && rm /tmp/tofu.zip &&     chmod +x /usr/local/bin/tofu
#8 CACHED

#9 [2/7] WORKDIR /opt/jit-runner
#9 CACHED

#10 [5/7] COPY requirements.txt .
#10 CACHED

#11 [6/7] RUN python3 -m venv /opt/venv &&     /opt/venv/bin/pip install --upgrade pip &&     /opt/venv/bin/pip install -r requirements.txt
#11 CACHED

#12 [7/7] COPY main.py .
#12 CACHED

#13 exporting to image
#13 exporting layers done
#13 writing image sha256:5249cf3723f6881bd5b2127596d331170d1cce934b5312c699f325da5374ea9a done
#13 naming to docker.io/library/jit-runner:latest done
#13 DONE 0.0s
Image built.
Stopping runner...
Runner stopped.
Starting runner at 172.19.0.10 (shared dir /Users/vkancherla/.jit-host-share)...
2cac96985da6672650a485f83e210330c57dce95ce073d4f8c57dbcf3830d9ea
Runner started at 172.19.0.10.
CRD infraclaims.jit.io established
Waiting for deployment "jit-controller" rollout to finish: 0 of 1 updated replicas are available...
deployment "jit-controller" successfully rolled out
controller Ready; watching: 
PASS: jit stack up - MinIO, runner running, CRD, controller
importing jit-controller:latest into cluster 'voting-app'...
[36mINFO[0m[0000] Importing image(s) into cluster 'voting-app' 
[36mINFO[0m[0000] Starting new tools node...                   
[36mINFO[0m[0000] Starting node 'k3d-voting-app-tools'         
[36mINFO[0m[0000] Saving 1 image(s) from runtime...            
[36mINFO[0m[0002] Importing images into nodes...               
[36mINFO[0m[0002] Importing images from tarball '/k3d/images/k3d-voting-app-images-20260919001556.tar' into node 'k3d-voting-app-server-0'... 
[36mINFO[0m[0002] Importing images from tarball '/k3d/images/k3d-voting-app-images-20260919001556.tar' into node 'k3d-voting-app-agent-0'... 
[36mINFO[0m[0005] Removing the tarball(s) from image volume... 
[36mINFO[0m[0006] Removing k3d-tools node...                   
[36mINFO[0m[0006] Successfully imported image(s)               
[36mINFO[0m[0006] Successfully imported 1 image(s) into 1 cluster(s) 
OK: bucket 'jit-state' created
MinIO up at http://127.0.0.1:9000 (console http://localhost:9001); bucket jit-state ready
Building runner image...
#0 building with "rancher-desktop" instance using docker driver

#1 [internal] load build definition from Dockerfile
#1 transferring dockerfile: 714B done
#1 DONE 0.0s

#2 [internal] load metadata for docker.io/library/debian:bookworm-slim
#2 ...

#3 [auth] library/debian:pull token for registry-1.docker.io
#3 DONE 0.0s

#2 [internal] load metadata for docker.io/library/debian:bookworm-slim
#2 DONE 1.2s

#4 [internal] load .dockerignore
#4 transferring context: 2B done
#4 DONE 0.0s

#5 [1/7] FROM docker.io/library/debian:bookworm-slim@sha256:88200866dfff7ea7f5cbcb6ec7c8a701889efe6fe859fe64d6990e4b07ea4171
#5 DONE 0.0s

#6 [internal] load build context
#6 transferring context: 64B done
#6 DONE 0.0s

#7 [3/7] RUN apt-get update && apt-get install -y wget unzip python3 python3-pip python3-venv curl jq bash && rm -rf /var/lib/apt/lists/*
#7 CACHED

#8 [4/7] RUN wget -qO /tmp/tofu.zip https://github.com/opentofu/opentofu/releases/download/v1.8.1/tofu_1.8.1_linux_arm64.zip &&     unzip -q /tmp/tofu.zip -d /usr/local/bin && rm /tmp/tofu.zip &&     chmod +x /usr/local/bin/tofu
#8 CACHED

#9 [2/7] WORKDIR /opt/jit-runner
#9 CACHED

#10 [5/7] COPY requirements.txt .
#10 CACHED

#11 [6/7] RUN python3 -m venv /opt/venv &&     /opt/venv/bin/pip install --upgrade pip &&     /opt/venv/bin/pip install -r requirements.txt
#11 CACHED

#12 [7/7] COPY main.py .
#12 CACHED

#13 exporting to image
#13 exporting layers done
#13 writing image sha256:5249cf3723f6881bd5b2127596d331170d1cce934b5312c699f325da5374ea9a done
#13 naming to docker.io/library/jit-runner:latest done
#13 DONE 0.0s
Image built.
Stopping runner...
Runner stopped.
Starting runner at 172.19.0.10 (shared dir /Users/vkancherla/.jit-host-share)...
6770d18d99305e081a77e2af2c3d9c4e9347dba533d9755bb7036ebcfc5022b4
Runner started at 172.19.0.10.
CRD infraclaims.jit.io established
Waiting for deployment "jit-controller" rollout to finish: 0 of 1 updated replicas are available...
deployment "jit-controller" successfully rolled out
controller Ready; watching: 
PASS: jit stack up - MinIO, runner running, CRD, controller
importing jit-controller:latest into cluster 'voting-app'...
[36mINFO[0m[0000] Importing image(s) into cluster 'voting-app' 
[36mINFO[0m[0000] Starting new tools node...                   
[36mINFO[0m[0000] Starting node 'k3d-voting-app-tools'         
[36mINFO[0m[0000] Saving 1 image(s) from runtime...            
[36mINFO[0m[0002] Importing images into nodes...               
[36mINFO[0m[0002] Importing images from tarball '/k3d/images/k3d-voting-app-images-20260919171731.tar' into node 'k3d-voting-app-server-0'... 
[36mINFO[0m[0002] Importing images from tarball '/k3d/images/k3d-voting-app-images-20260919171731.tar' into node 'k3d-voting-app-agent-0'... 
[36mINFO[0m[0005] Removing the tarball(s) from image volume... 
[36mINFO[0m[0006] Removing k3d-tools node...                   
[36mINFO[0m[0006] Successfully imported image(s)               
[36mINFO[0m[0006] Successfully imported 1 image(s) into 1 cluster(s) 
OK: bucket 'jit-state' created
MinIO up at http://127.0.0.1:9000 (console http://localhost:9001); bucket jit-state ready
Building runner image...
#0 building with "rancher-desktop" instance using docker driver

#1 [internal] load build definition from Dockerfile
#1 transferring dockerfile: 714B done
#1 DONE 0.0s

#2 [internal] load metadata for docker.io/library/debian:bookworm-slim
#2 ...

#3 [auth] library/debian:pull token for registry-1.docker.io
#3 DONE 0.0s

#2 [internal] load metadata for docker.io/library/debian:bookworm-slim
#2 DONE 1.5s

#4 [internal] load .dockerignore
#4 transferring context: 2B done
#4 DONE 0.0s

#5 [internal] load build context
#5 transferring context: 64B done
#5 DONE 0.0s

#6 [1/7] FROM docker.io/library/debian:bookworm-slim@sha256:3783cc01769c7b2b1b83a5c5ad96c815348e28ed7da68e2e3687004faa906251
#6 resolve docker.io/library/debian:bookworm-slim@sha256:3783cc01769c7b2b1b83a5c5ad96c815348e28ed7da68e2e3687004faa906251 done
#6 sha256:3783cc01769c7b2b1b83a5c5ad96c815348e28ed7da68e2e3687004faa906251 5.65kB / 5.65kB done
#6 sha256:0c8bbb8e987a035fe1d9704eb2e571b7e9a836e1caa46345290674b45b69e417 1.04kB / 1.04kB done
#6 sha256:813cd0370d827a30abbef1cf99f88217f87fda9612dd5241c9015ba182d32428 468B / 468B done
#6 sha256:333125b5cee9fb6718bdcb523fc93b4adc71b7c37ada6146a20c193430e549b9 0B / 28.12MB 0.1s
#6 sha256:333125b5cee9fb6718bdcb523fc93b4adc71b7c37ada6146a20c193430e549b9 2.10MB / 28.12MB 1.1s
#6 sha256:333125b5cee9fb6718bdcb523fc93b4adc71b7c37ada6146a20c193430e549b9 4.19MB / 28.12MB 1.8s
#6 sha256:333125b5cee9fb6718bdcb523fc93b4adc71b7c37ada6146a20c193430e549b9 6.29MB / 28.12MB 2.3s
#6 sha256:333125b5cee9fb6718bdcb523fc93b4adc71b7c37ada6146a20c193430e549b9 8.39MB / 28.12MB 2.9s
#6 sha256:333125b5cee9fb6718bdcb523fc93b4adc71b7c37ada6146a20c193430e549b9 10.49MB / 28.12MB 3.6s
#6 sha256:333125b5cee9fb6718bdcb523fc93b4adc71b7c37ada6146a20c193430e549b9 12.58MB / 28.12MB 4.2s
#6 sha256:333125b5cee9fb6718bdcb523fc93b4adc71b7c37ada6146a20c193430e549b9 14.68MB / 28.12MB 4.6s
#6 sha256:333125b5cee9fb6718bdcb523fc93b4adc71b7c37ada6146a20c193430e549b9 16.78MB / 28.12MB 4.9s
#6 sha256:333125b5cee9fb6718bdcb523fc93b4adc71b7c37ada6146a20c193430e549b9 18.87MB / 28.12MB 5.4s
#6 sha256:333125b5cee9fb6718bdcb523fc93b4adc71b7c37ada6146a20c193430e549b9 20.97MB / 28.12MB 6.2s
#6 sha256:333125b5cee9fb6718bdcb523fc93b4adc71b7c37ada6146a20c193430e549b9 23.07MB / 28.12MB 6.8s
#6 sha256:333125b5cee9fb6718bdcb523fc93b4adc71b7c37ada6146a20c193430e549b9 25.17MB / 28.12MB 7.6s
#6 sha256:333125b5cee9fb6718bdcb523fc93b4adc71b7c37ada6146a20c193430e549b9 27.26MB / 28.12MB 8.3s
#6 extracting sha256:333125b5cee9fb6718bdcb523fc93b4adc71b7c37ada6146a20c193430e549b9
#6 sha256:333125b5cee9fb6718bdcb523fc93b4adc71b7c37ada6146a20c193430e549b9 28.12MB / 28.12MB 8.5s done
#6 extracting sha256:333125b5cee9fb6718bdcb523fc93b4adc71b7c37ada6146a20c193430e549b9 1.6s done
#6 DONE 10.2s

#7 [2/7] WORKDIR /opt/jit-runner
#7 DONE 0.1s

#8 [3/7] RUN apt-get update && apt-get install -y wget unzip python3 python3-pip python3-venv curl jq bash && rm -rf /var/lib/apt/lists/*
#8 0.225 Get:1 http://deb.debian.org/debian bookworm InRelease [151 kB]
#8 0.356 Get:2 http://deb.debian.org/debian bookworm-updates InRelease [55.4 kB]
#8 0.418 Get:3 http://deb.debian.org/debian-security bookworm-security InRelease [34.8 kB]
#8 0.469 Get:4 http://deb.debian.org/debian bookworm/main arm64 Packages [8689 kB]
#8 2.904 Get:5 http://deb.debian.org/debian bookworm-updates/main arm64 Packages [6936 B]
#8 2.914 Get:6 http://deb.debian.org/debian-security bookworm-security/main arm64 Packages [338 kB]
#8 3.918 Fetched 9276 kB in 4s (2436 kB/s)
#8 3.918 Reading package lists...
#8 4.438 Reading package lists...
#8 4.896 Building dependency tree...
#8 5.001 Reading state information...
#8 5.154 bash is already the newest version (5.2.15-2+b13).
#8 5.154 bash set to manually installed.
#8 5.154 The following additional packages will be installed:
#8 5.154   binutils binutils-aarch64-linux-gnu binutils-common build-essential bzip2
#8 5.154   ca-certificates cpp cpp-12 dirmngr dpkg-dev fakeroot fontconfig-config
#8 5.154   fonts-dejavu-core g++ g++-12 gcc gcc-12 gnupg gnupg-l10n gnupg-utils gpg
#8 5.154   gpg-agent gpg-wks-client gpg-wks-server gpgconf gpgsm javascript-common
#8 5.154   krb5-locales libabsl20220623 libalgorithm-diff-perl
#8 5.154   libalgorithm-diff-xs-perl libalgorithm-merge-perl libaom3 libasan8
#8 5.154   libassuan0 libatomic1 libavif15 libbinutils libbrotli1 libbsd0 libc-dev-bin
#8 5.154   libc-devtools libc6-dev libcc1-0 libcrypt-dev libctf-nobfd0 libctf0 libcurl4
#8 5.154   libdav1d6 libde265-0 libdeflate0 libdpkg-perl libexpat1 libexpat1-dev
#8 5.154   libfakeroot libfile-fcntllock-perl libfontconfig1 libfreetype6 libgav1-1
#8 5.154   libgcc-12-dev libgd3 libgdbm-compat4 libgdbm6 libgomp1 libgpm2 libgprofng0
#8 5.154   libgssapi-krb5-2 libheif1 libhwasan0 libisl23 libitm1 libjansson4 libjbig0
#8 5.154   libjpeg62-turbo libjq1 libjs-jquery libjs-sphinxdoc libjs-underscore
#8 5.154   libk5crypto3 libkeyutils1 libkrb5-3 libkrb5support0 libksba8 libldap-2.5-0
#8 5.154   libldap-common liblerc4 liblocale-gettext-perl liblsan0 libmpc3 libmpfr6
#8 5.154   libncursesw6 libnghttp2-14 libnpth0 libnsl-dev libnsl2 libnuma1 libonig5
#8 5.154   libperl5.36 libpng16-16 libpsl5 libpython3-dev libpython3-stdlib
#8 5.154   libpython3.11 libpython3.11-dev libpython3.11-minimal libpython3.11-stdlib
#8 5.154   librav1e0 libreadline8 librtmp1 libsasl2-2 libsasl2-modules
#8 5.154   libsasl2-modules-db libsqlite3-0 libssh2-1 libssl3 libstdc++-12-dev
#8 5.154   libsvtav1enc1 libtiff6 libtirpc-common libtirpc-dev libtirpc3 libtsan2
#8 5.154   libubsan1 libwebp7 libx11-6 libx11-data libx265-199 libxau6 libxcb1
#8 5.154   libxdmcp6 libxpm4 libyuv0 linux-libc-dev make manpages manpages-dev
#8 5.154   media-types netbase openssl patch perl perl-modules-5.36 pinentry-curses
#8 5.155   publicsuffix python3-dev python3-distutils python3-lib2to3 python3-minimal
#8 5.155   python3-pip-whl python3-pkg-resources python3-setuptools
#8 5.155   python3-setuptools-whl python3-wheel python3.11 python3.11-dev
#8 5.155   python3.11-minimal python3.11-venv readline-common rpcsvc-proto xz-utils
#8 5.155   zlib1g-dev
#8 5.156 Suggested packages:
#8 5.156   binutils-doc bzip2-doc cpp-doc gcc-12-locales cpp-12-doc dbus-user-session
#8 5.156   libpam-systemd pinentry-gnome3 tor debian-keyring gcc-12-doc gcc-multilib
#8 5.156   autoconf automake libtool flex bison gdb gcc-doc parcimonie xloadimage
#8 5.156   scdaemon apache2 | lighttpd | httpd glibc-doc sensible-utils git bzr
#8 5.156   libgd-tools gdbm-l10n gpm krb5-doc krb5-user libsasl2-modules-gssapi-mit
#8 5.156   | libsasl2-modules-gssapi-heimdal libsasl2-modules-ldap libsasl2-modules-otp
#8 5.156   libsasl2-modules-sql libstdc++-12-doc make-doc man-browser ed diffutils-doc
#8 5.156   perl-doc libterm-readline-gnu-perl | libterm-readline-perl-perl
#8 5.156   libtap-harness-archive-perl pinentry-doc python3-doc python3-tk
#8 5.156   python-setuptools-doc python3.11-doc binfmt-support readline-doc zip
#8 5.816 The following NEW packages will be installed:
#8 5.816   binutils binutils-aarch64-linux-gnu binutils-common build-essential bzip2
#8 5.816   ca-certificates cpp cpp-12 curl dirmngr dpkg-dev fakeroot fontconfig-config
#8 5.816   fonts-dejavu-core g++ g++-12 gcc gcc-12 gnupg gnupg-l10n gnupg-utils gpg
#8 5.816   gpg-agent gpg-wks-client gpg-wks-server gpgconf gpgsm javascript-common jq
#8 5.816   krb5-locales libabsl20220623 libalgorithm-diff-perl
#8 5.816   libalgorithm-diff-xs-perl libalgorithm-merge-perl libaom3 libasan8
#8 5.816   libassuan0 libatomic1 libavif15 libbinutils libbrotli1 libbsd0 libc-dev-bin
#8 5.816   libc-devtools libc6-dev libcc1-0 libcrypt-dev libctf-nobfd0 libctf0 libcurl4
#8 5.816   libdav1d6 libde265-0 libdeflate0 libdpkg-perl libexpat1 libexpat1-dev
#8 5.816   libfakeroot libfile-fcntllock-perl libfontconfig1 libfreetype6 libgav1-1
#8 5.816   libgcc-12-dev libgd3 libgdbm-compat4 libgdbm6 libgomp1 libgpm2 libgprofng0
#8 5.816   libgssapi-krb5-2 libheif1 libhwasan0 libisl23 libitm1 libjansson4 libjbig0
#8 5.816   libjpeg62-turbo libjq1 libjs-jquery libjs-sphinxdoc libjs-underscore
#8 5.816   libk5crypto3 libkeyutils1 libkrb5-3 libkrb5support0 libksba8 libldap-2.5-0
#8 5.816   libldap-common liblerc4 liblocale-gettext-perl liblsan0 libmpc3 libmpfr6
#8 5.816   libncursesw6 libnghttp2-14 libnpth0 libnsl-dev libnsl2 libnuma1 libonig5
#8 5.816   libperl5.36 libpng16-16 libpsl5 libpython3-dev libpython3-stdlib
#8 5.816   libpython3.11 libpython3.11-dev libpython3.11-minimal libpython3.11-stdlib
#8 5.816   librav1e0 libreadline8 librtmp1 libsasl2-2 libsasl2-modules
#8 5.816   libsasl2-modules-db libsqlite3-0 libssh2-1 libssl3 libstdc++-12-dev
#8 5.816   libsvtav1enc1 libtiff6 libtirpc-common libtirpc-dev libtirpc3 libtsan2
#8 5.816   libubsan1 libwebp7 libx11-6 libx11-data libx265-199 libxau6 libxcb1
#8 5.817   libxdmcp6 libxpm4 libyuv0 linux-libc-dev make manpages manpages-dev
#8 5.817   media-types netbase openssl patch perl perl-modules-5.36 pinentry-curses
#8 5.817   publicsuffix python3 python3-dev python3-distutils python3-lib2to3
#8 5.817   python3-minimal python3-pip python3-pip-whl python3-pkg-resources
#8 5.817   python3-setuptools python3-setuptools-whl python3-venv python3-wheel
#8 5.817   python3.11 python3.11-dev python3.11-minimal python3.11-venv readline-common
#8 5.817   rpcsvc-proto unzip wget xz-utils zlib1g-dev
#8 6.016 0 upgraded, 168 newly installed, 0 to remove and 0 not upgraded.
#8 6.016 Need to get 115 MB of archives.
#8 6.016 After this operation, 455 MB of additional disk space will be used.
#8 6.016 Get:1 http://deb.debian.org/debian bookworm/main arm64 perl-modules-5.36 all 5.36.0-7+deb12u3 [2815 kB]
#8 6.846 Get:2 http://deb.debian.org/debian bookworm/main arm64 libgdbm6 arm64 1.23-3 [70.9 kB]
#8 6.869 Get:3 http://deb.debian.org/debian bookworm/main arm64 libgdbm-compat4 arm64 1.23-3 [48.0 kB]
#8 6.891 Get:4 http://deb.debian.org/debian bookworm/main arm64 libperl5.36 arm64 5.36.0-7+deb12u3 [4009 kB]
#8 7.860 Get:5 http://deb.debian.org/debian bookworm/main arm64 perl arm64 5.36.0-7+deb12u3 [239 kB]
#8 7.925 Get:6 http://deb.debian.org/debian bookworm/main arm64 liblocale-gettext-perl arm64 1.07-5 [15.1 kB]
#8 7.927 Get:7 http://deb.debian.org/debian bookworm/main arm64 libssl3 arm64 3.0.20-1~deb12u2 [1824 kB]
#8 8.199 Get:8 http://deb.debian.org/debian bookworm/main arm64 libpython3.11-minimal arm64 3.11.2-6+deb12u8 [811 kB]
#8 8.525 Get:9 http://deb.debian.org/debian-security bookworm-security/main arm64 libexpat1 arm64 2.5.0-1+deb12u3 [87.9 kB]
#8 8.550 Get:10 http://deb.debian.org/debian bookworm/main arm64 python3.11-minimal arm64 3.11.2-6+deb12u8 [1861 kB]
#8 8.883 Get:11 http://deb.debian.org/debian bookworm/main arm64 python3-minimal arm64 3.11.2-1+b1 [26.3 kB]
#8 8.891 Get:12 http://deb.debian.org/debian bookworm/main arm64 media-types all 10.0.0 [26.1 kB]
#8 8.891 Get:13 http://deb.debian.org/debian bookworm/main arm64 libncursesw6 arm64 6.4-4 [122 kB]
#8 8.912 Get:14 http://deb.debian.org/debian bookworm/main arm64 libkrb5support0 arm64 1.20.1-2+deb12u5 [32.6 kB]
#8 8.914 Get:15 http://deb.debian.org/debian bookworm/main arm64 libk5crypto3 arm64 1.20.1-2+deb12u5 [79.9 kB]
#8 8.924 Get:16 http://deb.debian.org/debian bookworm/main arm64 libkeyutils1 arm64 1.6.3-2 [8844 B]
#8 8.929 Get:17 http://deb.debian.org/debian bookworm/main arm64 libkrb5-3 arm64 1.20.1-2+deb12u5 [316 kB]
#8 8.970 Get:18 http://deb.debian.org/debian bookworm/main arm64 libgssapi-krb5-2 arm64 1.20.1-2+deb12u5 [124 kB]
#8 8.989 Get:19 http://deb.debian.org/debian bookworm/main arm64 libtirpc-common all 1.3.3+ds-1 [14.0 kB]
#8 8.989 Get:20 http://deb.debian.org/debian bookworm/main arm64 libtirpc3 arm64 1.3.3+ds-1 [80.9 kB]
#8 9.002 Get:21 http://deb.debian.org/debian bookworm/main arm64 libnsl2 arm64 1.3.0-2 [36.9 kB]
#8 9.014 Get:22 http://deb.debian.org/debian bookworm/main arm64 readline-common all 8.2-1.3 [69.0 kB]
#8 9.032 Get:23 http://deb.debian.org/debian bookworm/main arm64 libreadline8 arm64 8.2-1.3 [155 kB]
#8 9.094 Get:24 http://deb.debian.org/debian bookworm/main arm64 libsqlite3-0 arm64 3.40.1-2+deb12u2 [786 kB]
#8 9.230 Get:25 http://deb.debian.org/debian bookworm/main arm64 libpython3.11-stdlib arm64 3.11.2-6+deb12u8 [1750 kB]
#8 9.567 Get:26 http://deb.debian.org/debian bookworm/main arm64 python3.11 arm64 3.11.2-6+deb12u8 [574 kB]
#8 9.701 Get:27 http://deb.debian.org/debian bookworm/main arm64 libpython3-stdlib arm64 3.11.2-1+b1 [9296 B]
#8 9.702 Get:28 http://deb.debian.org/debian bookworm/main arm64 python3 arm64 3.11.2-1+b1 [26.3 kB]
#8 9.705 Get:29 http://deb.debian.org/debian bookworm/main arm64 netbase all 6.4 [12.8 kB]
#8 9.707 Get:30 http://deb.debian.org/debian bookworm/main arm64 bzip2 arm64 1.0.8-5+b1 [48.9 kB]
#8 9.730 Get:31 http://deb.debian.org/debian bookworm/main arm64 openssl arm64 3.0.20-1~deb12u2 [1405 kB]
#8 10.08 Get:32 http://deb.debian.org/debian-security bookworm-security/main arm64 ca-certificates all 20250419~deb12u1 [162 kB]
#8 10.11 Get:33 http://deb.debian.org/debian bookworm/main arm64 krb5-locales all 1.20.1-2+deb12u5 [63.5 kB]
#8 10.13 Get:34 http://deb.debian.org/debian bookworm/main arm64 manpages all 6.03-2 [1332 kB]
#8 10.36 Get:35 http://deb.debian.org/debian bookworm/main arm64 libpsl5 arm64 0.21.2-1 [58.6 kB]
#8 10.38 Get:36 http://deb.debian.org/debian bookworm/main arm64 wget arm64 1.21.3-1+deb12u1 [922 kB]
#8 10.55 Get:37 http://deb.debian.org/debian-security bookworm-security/main arm64 xz-utils arm64 5.4.1-1+deb12u2 [471 kB]
#8 10.63 Get:38 http://deb.debian.org/debian bookworm/main arm64 binutils-common arm64 2.40-2 [2487 kB]
#8 11.04 Get:39 http://deb.debian.org/debian bookworm/main arm64 libbinutils arm64 2.40-2 [645 kB]
#8 11.18 Get:40 http://deb.debian.org/debian bookworm/main arm64 libctf-nobfd0 arm64 2.40-2 [144 kB]
#8 11.21 Get:41 http://deb.debian.org/debian bookworm/main arm64 libctf0 arm64 2.40-2 [79.2 kB]
#8 11.23 Get:42 http://deb.debian.org/debian bookworm/main arm64 libgprofng0 arm64 2.40-2 [680 kB]
#8 11.35 Get:43 http://deb.debian.org/debian bookworm/main arm64 libjansson4 arm64 2.14-2 [40.2 kB]
#8 11.36 Get:44 http://deb.debian.org/debian bookworm/main arm64 binutils-aarch64-linux-gnu arm64 2.40-2 [2637 kB]
#8 11.75 Get:45 http://deb.debian.org/debian bookworm/main arm64 binutils arm64 2.40-2 [64.9 kB]
#8 11.76 Get:46 http://deb.debian.org/debian bookworm/main arm64 libc-dev-bin arm64 2.36-9+deb12u14 [47.2 kB]
#8 11.76 Get:47 http://deb.debian.org/debian-security bookworm-security/main arm64 linux-libc-dev arm64 6.1.187-1 [2333 kB]
#8 12.17 Get:48 http://deb.debian.org/debian bookworm/main arm64 libcrypt-dev arm64 1:4.4.33-2 [121 kB]
#8 12.20 Get:49 http://deb.debian.org/debian bookworm/main arm64 libtirpc-dev arm64 1.3.3+ds-1 [194 kB]
#8 12.23 Get:50 http://deb.debian.org/debian bookworm/main arm64 libnsl-dev arm64 1.3.0-2 [66.1 kB]
#8 12.24 Get:51 http://deb.debian.org/debian bookworm/main arm64 rpcsvc-proto arm64 1.4.3-1 [59.7 kB]
#8 12.26 Get:52 http://deb.debian.org/debian bookworm/main arm64 libc6-dev arm64 2.36-9+deb12u14 [1436 kB]
#8 12.57 Get:53 http://deb.debian.org/debian bookworm/main arm64 libisl23 arm64 0.25-1.1 [610 kB]
#8 12.67 Get:54 http://deb.debian.org/debian bookworm/main arm64 libmpfr6 arm64 4.2.0-1 [600 kB]
#8 12.80 Get:55 http://deb.debian.org/debian bookworm/main arm64 libmpc3 arm64 1.3.1-1 [49.2 kB]
#8 12.83 Get:56 http://deb.debian.org/debian bookworm/main arm64 cpp-12 arm64 12.2.0-14+deb12u1 [8228 kB]
#8 14.85 Get:57 http://deb.debian.org/debian bookworm/main arm64 cpp arm64 4:12.2.0-3 [6832 B]
#8 14.85 Get:58 http://deb.debian.org/debian bookworm/main arm64 libcc1-0 arm64 12.2.0-14+deb12u1 [37.7 kB]
#8 14.86 Get:59 http://deb.debian.org/debian bookworm/main arm64 libgomp1 arm64 12.2.0-14+deb12u1 [104 kB]
#8 14.88 Get:60 http://deb.debian.org/debian bookworm/main arm64 libitm1 arm64 12.2.0-14+deb12u1 [24.0 kB]
#8 14.88 Get:61 http://deb.debian.org/debian bookworm/main arm64 libatomic1 arm64 12.2.0-14+deb12u1 [9568 B]
#8 14.89 Get:62 http://deb.debian.org/debian bookworm/main arm64 libasan8 arm64 12.2.0-14+deb12u1 [2096 kB]
#8 15.33 Get:63 http://deb.debian.org/debian bookworm/main arm64 liblsan0 arm64 12.2.0-14+deb12u1 [926 kB]
#8 15.49 Get:64 http://deb.debian.org/debian bookworm/main arm64 libtsan2 arm64 12.2.0-14+deb12u1 [2178 kB]
#8 16.12 Get:65 http://deb.debian.org/debian bookworm/main arm64 libubsan1 arm64 12.2.0-14+deb12u1 [862 kB]
#8 16.50 Get:66 http://deb.debian.org/debian bookworm/main arm64 libhwasan0 arm64 12.2.0-14+deb12u1 [999 kB]
#8 17.03 Get:67 http://deb.debian.org/debian bookworm/main arm64 libgcc-12-dev arm64 12.2.0-14+deb12u1 [956 kB]
#8 17.55 Get:68 http://deb.debian.org/debian bookworm/main arm64 gcc-12 arm64 12.2.0-14+deb12u1 [16.3 MB]
#8 25.84 Get:69 http://deb.debian.org/debian bookworm/main arm64 gcc arm64 4:12.2.0-3 [5244 B]
#8 25.84 Get:70 http://deb.debian.org/debian bookworm/main arm64 libstdc++-12-dev arm64 12.2.0-14+deb12u1 [2007 kB]
#8 26.41 Get:71 http://deb.debian.org/debian bookworm/main arm64 g++-12 arm64 12.2.0-14+deb12u1 [9072 kB]
#8 29.84 Get:72 http://deb.debian.org/debian bookworm/main arm64 g++ arm64 4:12.2.0-3 [1336 B]
#8 29.84 Get:73 http://deb.debian.org/debian bookworm/main arm64 make arm64 4.3-4.1 [391 kB]
#8 29.98 Get:74 http://deb.debian.org/debian bookworm/main arm64 libdpkg-perl all 1.21.23 [604 kB]
#8 30.29 Get:75 http://deb.debian.org/debian bookworm/main arm64 patch arm64 2.7.6-7 [121 kB]
#8 30.35 Get:76 http://deb.debian.org/debian bookworm/main arm64 dpkg-dev all 1.21.23 [1354 kB]
#8 31.01 Get:77 http://deb.debian.org/debian bookworm/main arm64 build-essential arm64 12.9 [7704 B]
#8 31.02 Get:78 http://deb.debian.org/debian bookworm/main arm64 libbrotli1 arm64 1.0.9-2+b6 [269 kB]
#8 31.14 Get:79 http://deb.debian.org/debian bookworm/main arm64 libsasl2-modules-db arm64 2.1.28+dfsg-10 [20.8 kB]
#8 31.15 Get:80 http://deb.debian.org/debian bookworm/main arm64 libsasl2-2 arm64 2.1.28+dfsg-10 [58.0 kB]
#8 31.21 Get:81 http://deb.debian.org/debian bookworm/main arm64 libldap-2.5-0 arm64 2.5.13+dfsg-5 [171 kB]
#8 31.25 Get:82 http://deb.debian.org/debian bookworm/main arm64 libnghttp2-14 arm64 1.52.0-1+deb12u3 [69.0 kB]
#8 31.28 Get:83 http://deb.debian.org/debian bookworm/main arm64 librtmp1 arm64 2.4+20151223.gitfa8646d.1-2+b2 [59.4 kB]
#8 31.32 Get:84 http://deb.debian.org/debian-security bookworm-security/main arm64 libssh2-1 arm64 1.10.0-3+deb12u1 [169 kB]
#8 31.48 Get:85 http://deb.debian.org/debian bookworm/main arm64 libcurl4 arm64 7.88.1-10+deb12u15 [367 kB]
#8 31.65 Get:86 http://deb.debian.org/debian bookworm/main arm64 curl arm64 7.88.1-10+deb12u15 [310 kB]
#8 31.80 Get:87 http://deb.debian.org/debian bookworm/main arm64 libassuan0 arm64 2.5.5-5 [45.9 kB]
#8 31.83 Get:88 http://deb.debian.org/debian bookworm/main arm64 gpgconf arm64 2.2.40-1.1+deb12u2 [557 kB]
#8 32.10 Get:89 http://deb.debian.org/debian bookworm/main arm64 libksba8 arm64 1.6.3-2 [119 kB]
#8 32.14 Get:90 http://deb.debian.org/debian bookworm/main arm64 libnpth0 arm64 1.6-3 [18.6 kB]
#8 32.15 Get:91 http://deb.debian.org/debian bookworm/main arm64 dirmngr arm64 2.2.40-1.1+deb12u2 [769 kB]
#8 32.45 Get:92 http://deb.debian.org/debian bookworm/main arm64 libfakeroot arm64 1.31-1.2 [27.9 kB]
#8 32.46 Get:93 http://deb.debian.org/debian bookworm/main arm64 fakeroot arm64 1.31-1.2 [66.4 kB]
#8 32.51 Get:94 http://deb.debian.org/debian bookworm/main arm64 fonts-dejavu-core all 2.37-6 [1068 kB]
#8 32.91 Get:95 http://deb.debian.org/debian bookworm/main arm64 fontconfig-config arm64 2.14.1-4 [315 kB]
#8 33.01 Get:96 http://deb.debian.org/debian bookworm/main arm64 gnupg-l10n all 2.2.40-1.1+deb12u2 [1093 kB]
#8 33.42 Get:97 http://deb.debian.org/debian bookworm/main arm64 gnupg-utils arm64 2.2.40-1.1+deb12u2 [879 kB]
#8 33.75 Get:98 http://deb.debian.org/debian bookworm/main arm64 gpg arm64 2.2.40-1.1+deb12u2 [902 kB]
#8 34.00 Get:99 http://deb.debian.org/debian bookworm/main arm64 pinentry-curses arm64 1.2.1-1 [75.2 kB]
#8 34.02 Get:100 http://deb.debian.org/debian bookworm/main arm64 gpg-agent arm64 2.2.40-1.1+deb12u2 [673 kB]
#8 34.24 Get:101 http://deb.debian.org/debian bookworm/main arm64 gpg-wks-client arm64 2.2.40-1.1+deb12u2 [533 kB]
#8 34.42 Get:102 http://deb.debian.org/debian bookworm/main arm64 gpg-wks-server arm64 2.2.40-1.1+deb12u2 [525 kB]
#8 34.55 Get:103 http://deb.debian.org/debian bookworm/main arm64 gpgsm arm64 2.2.40-1.1+deb12u2 [650 kB]
#8 34.80 Get:104 http://deb.debian.org/debian bookworm/main arm64 gnupg all 2.2.40-1.1+deb12u2 [846 kB]
#8 35.41 Get:105 http://deb.debian.org/debian bookworm/main arm64 javascript-common all 11+nmu1 [6260 B]
#8 35.48 Get:106 http://deb.debian.org/debian bookworm/main arm64 libonig5 arm64 6.9.8-1 [179 kB]
#8 35.69 Get:107 http://deb.debian.org/debian bookworm/main arm64 libjq1 arm64 1.6-2.1+deb12u2 [122 kB]
#8 35.79 Get:108 http://deb.debian.org/debian bookworm/main arm64 jq arm64 1.6-2.1+deb12u2 [63.6 kB]
#8 35.84 Get:109 http://deb.debian.org/debian bookworm/main arm64 libabsl20220623 arm64 20220623.1-1+deb12u2 [363 kB]
#8 36.14 Get:110 http://deb.debian.org/debian bookworm/main arm64 libalgorithm-diff-perl all 1.201-1 [43.3 kB]
#8 36.15 Get:111 http://deb.debian.org/debian bookworm/main arm64 libalgorithm-diff-xs-perl arm64 0.04-8+b1 [11.2 kB]
#8 36.16 Get:112 http://deb.debian.org/debian bookworm/main arm64 libalgorithm-merge-perl all 0.08-5 [11.8 kB]
#8 36.17 Get:113 http://deb.debian.org/debian-security bookworm-security/main arm64 libaom3 arm64 3.6.0-1+deb12u3 [1374 kB]
#8 36.65 Get:114 http://deb.debian.org/debian bookworm/main arm64 libdav1d6 arm64 1.0.0-2+deb12u1 [275 kB]
#8 36.71 Get:115 http://deb.debian.org/debian bookworm/main arm64 libgav1-1 arm64 0.18.0-1+b1 [425 kB]
#8 36.91 Get:116 http://deb.debian.org/debian bookworm/main arm64 librav1e0 arm64 0.5.1-6 [552 kB]
#8 37.17 Get:117 http://deb.debian.org/debian bookworm/main arm64 libsvtav1enc1 arm64 1.4.1+dfsg-1 [1074 kB]
#8 37.56 Get:118 http://deb.debian.org/debian bookworm/main arm64 libjpeg62-turbo arm64 1:2.1.5-2 [171 kB]
#8 37.63 Get:119 http://deb.debian.org/debian bookworm/main arm64 libyuv0 arm64 0.0~git20230123.b2528b0-1 [122 kB]
#8 37.67 Get:120 http://deb.debian.org/debian bookworm/main arm64 libavif15 arm64 0.11.1-1+deb12u1 [88.4 kB]
#8 37.71 Get:121 http://deb.debian.org/debian bookworm/main arm64 libbsd0 arm64 0.11.7-2 [115 kB]
#8 37.75 Get:122 http://deb.debian.org/debian bookworm/main arm64 libpng16-16 arm64 1.6.39-2+deb12u5 [270 kB]
#8 37.87 Get:123 http://deb.debian.org/debian bookworm/main arm64 libfreetype6 arm64 2.12.1+dfsg-5+deb12u4 [368 kB]
#8 37.99 Get:124 http://deb.debian.org/debian bookworm/main arm64 libfontconfig1 arm64 2.14.1-4 [381 kB]
#8 38.13 Get:125 http://deb.debian.org/debian bookworm/main arm64 libde265-0 arm64 1.0.11-1+deb12u2 [148 kB]
#8 38.18 Get:126 http://deb.debian.org/debian bookworm/main arm64 libnuma1 arm64 2.0.16-1 [20.3 kB]
#8 38.18 Get:127 http://deb.debian.org/debian bookworm/main arm64 libx265-199 arm64 3.5-2+b1 [603 kB]
#8 38.48 Get:128 http://deb.debian.org/debian bookworm/main arm64 libheif1 arm64 1.15.1-1+deb12u1 [191 kB]
#8 38.50 Get:129 http://deb.debian.org/debian bookworm/main arm64 libdeflate0 arm64 1.14-1 [54.3 kB]
#8 38.52 Get:130 http://deb.debian.org/debian bookworm/main arm64 libjbig0 arm64 2.1-6.1 [30.0 kB]
#8 38.54 Get:131 http://deb.debian.org/debian bookworm/main arm64 liblerc4 arm64 4.0.0+ds-2 [138 kB]
#8 38.58 Get:132 http://deb.debian.org/debian bookworm/main arm64 libwebp7 arm64 1.2.4-0.2+deb12u1 [260 kB]
#8 38.68 Get:133 http://deb.debian.org/debian bookworm/main arm64 libtiff6 arm64 4.5.0-6+deb12u4 [301 kB]
#8 38.74 Get:134 http://deb.debian.org/debian bookworm/main arm64 libxau6 arm64 1:1.0.9-1 [19.7 kB]
#8 38.74 Get:135 http://deb.debian.org/debian bookworm/main arm64 libxdmcp6 arm64 1:1.1.2-3 [25.4 kB]
#8 38.76 Get:136 http://deb.debian.org/debian bookworm/main arm64 libxcb1 arm64 1.15-1 [143 kB]
#8 38.80 Get:137 http://deb.debian.org/debian bookworm/main arm64 libx11-data all 2:1.8.4-2+deb12u2 [292 kB]
#8 38.84 Get:138 http://deb.debian.org/debian bookworm/main arm64 libx11-6 arm64 2:1.8.4-2+deb12u2 [735 kB]
#8 39.06 Get:139 http://deb.debian.org/debian bookworm/main arm64 libxpm4 arm64 1:3.5.12-1.1+deb12u1 [45.4 kB]
#8 39.07 Get:140 http://deb.debian.org/debian-security bookworm-security/main arm64 libgd3 arm64 2.3.3-9+deb12u1 [113 kB]
#8 39.08 Get:141 http://deb.debian.org/debian bookworm/main arm64 libc-devtools arm64 2.36-9+deb12u14 [54.5 kB]
#8 39.10 Get:142 http://deb.debian.org/debian-security bookworm-security/main arm64 libexpat1-dev arm64 2.5.0-1+deb12u3 [281 kB]
#8 39.15 Get:143 http://deb.debian.org/debian bookworm/main arm64 libfile-fcntllock-perl arm64 0.22-4+b1 [34.8 kB]
#8 39.15 Get:144 http://deb.debian.org/debian bookworm/main arm64 libgpm2 arm64 1.20.7-10+b1 [14.4 kB]
#8 39.17 Get:145 http://deb.debian.org/debian bookworm/main arm64 libjs-jquery all 3.6.1+dfsg+~3.5.14-1 [326 kB]
#8 39.22 Get:146 http://deb.debian.org/debian bookworm/main arm64 libjs-underscore all 1.13.4~dfsg+~1.11.4-3 [116 kB]
#8 39.26 Get:147 http://deb.debian.org/debian bookworm/main arm64 libjs-sphinxdoc all 5.3.0-4 [130 kB]
#8 39.28 Get:148 http://deb.debian.org/debian bookworm/main arm64 libldap-common all 2.5.13+dfsg-5 [29.3 kB]
#8 39.29 Get:149 http://deb.debian.org/debian bookworm/main arm64 libpython3.11 arm64 3.11.2-6+deb12u8 [1841 kB]
#8 39.65 Get:150 http://deb.debian.org/debian bookworm/main arm64 zlib1g-dev arm64 1:1.2.13.dfsg-1 [913 kB]
#8 39.87 Get:151 http://deb.debian.org/debian bookworm/main arm64 libpython3.11-dev arm64 3.11.2-6+deb12u8 [4394 kB]
#8 40.66 Get:152 http://deb.debian.org/debian bookworm/main arm64 libpython3-dev arm64 3.11.2-1+b1 [9564 B]
#8 40.66 Get:153 http://deb.debian.org/debian bookworm/main arm64 libsasl2-modules arm64 2.1.28+dfsg-10 [63.1 kB]
#8 40.66 Get:154 http://deb.debian.org/debian bookworm/main arm64 manpages-dev all 6.03-2 [2030 kB]
#8 41.01 Get:155 http://deb.debian.org/debian bookworm/main arm64 publicsuffix all 20230209.2326-1 [126 kB]
#8 41.04 Get:156 http://deb.debian.org/debian bookworm/main arm64 python3.11-dev arm64 3.11.2-6+deb12u8 [621 kB]
#8 41.14 Get:157 http://deb.debian.org/debian bookworm/main arm64 python3-lib2to3 all 3.11.2-3 [76.3 kB]
#8 41.15 Get:158 http://deb.debian.org/debian bookworm/main arm64 python3-distutils all 3.11.2-3 [131 kB]
#8 41.17 Get:159 http://deb.debian.org/debian bookworm/main arm64 python3-dev arm64 3.11.2-1+b1 [26.2 kB]
#8 41.19 Get:160 http://deb.debian.org/debian bookworm/main arm64 python3-pkg-resources all 66.1.1-1+deb12u2 [297 kB]
#8 41.26 Get:161 http://deb.debian.org/debian bookworm/main arm64 python3-setuptools all 66.1.1-1+deb12u2 [522 kB]
#8 41.40 Get:162 http://deb.debian.org/debian bookworm/main arm64 python3-wheel all 0.38.4-2 [30.8 kB]
#8 41.41 Get:163 http://deb.debian.org/debian bookworm/main arm64 python3-pip all 23.0.1+dfsg-1 [1325 kB]
#8 41.71 Get:164 http://deb.debian.org/debian bookworm/main arm64 python3-pip-whl all 23.0.1+dfsg-1 [1717 kB]
#8 42.00 Get:165 http://deb.debian.org/debian bookworm/main arm64 python3-setuptools-whl all 66.1.1-1+deb12u2 [1112 kB]
#8 42.17 Get:166 http://deb.debian.org/debian bookworm/main arm64 python3.11-venv arm64 3.11.2-6+deb12u8 [5888 B]
#8 42.17 Get:167 http://deb.debian.org/debian bookworm/main arm64 python3-venv arm64 3.11.2-1+b1 [1200 B]
#8 42.17 Get:168 http://deb.debian.org/debian-security bookworm-security/main arm64 unzip arm64 6.0-28+deb12u1 [158 kB]
#8 42.27 debconf: delaying package configuration, since apt-utils is not installed
#8 42.28 Fetched 115 MB in 36s (3169 kB/s)
#8 42.29 Selecting previously unselected package perl-modules-5.36.
#8 42.29 (Reading database ... (Reading database ... 5%(Reading database ... 10%(Reading database ... 15%(Reading database ... 20%(Reading database ... 25%(Reading database ... 30%(Reading database ... 35%(Reading database ... 40%(Reading database ... 45%(Reading database ... 50%(Reading database ... 55%(Reading database ... 60%(Reading database ... 65%(Reading database ... 70%(Reading database ... 75%(Reading database ... 80%(Reading database ... 85%(Reading database ... 90%(Reading database ... 95%(Reading database ... 100%(Reading database ... 6090 files and directories currently installed.)
#8 42.30 Preparing to unpack .../0-perl-modules-5.36_5.36.0-7+deb12u3_all.deb ...
#8 42.30 Unpacking perl-modules-5.36 (5.36.0-7+deb12u3) ...
#8 42.49 Selecting previously unselected package libgdbm6:arm64.
#8 42.49 Preparing to unpack .../1-libgdbm6_1.23-3_arm64.deb ...
#8 42.50 Unpacking libgdbm6:arm64 (1.23-3) ...
#8 42.51 Selecting previously unselected package libgdbm-compat4:arm64.
#8 42.51 Preparing to unpack .../2-libgdbm-compat4_1.23-3_arm64.deb ...
#8 42.51 Unpacking libgdbm-compat4:arm64 (1.23-3) ...
#8 42.53 Selecting previously unselected package libperl5.36:arm64.
#8 42.53 Preparing to unpack .../3-libperl5.36_5.36.0-7+deb12u3_arm64.deb ...
#8 42.53 Unpacking libperl5.36:arm64 (5.36.0-7+deb12u3) ...
#8 42.78 Selecting previously unselected package perl.
#8 42.78 Preparing to unpack .../4-perl_5.36.0-7+deb12u3_arm64.deb ...
#8 42.78 Unpacking perl (5.36.0-7+deb12u3) ...
#8 42.81 Selecting previously unselected package liblocale-gettext-perl.
#8 42.81 Preparing to unpack .../5-liblocale-gettext-perl_1.07-5_arm64.deb ...
#8 42.81 Unpacking liblocale-gettext-perl (1.07-5) ...
#8 42.83 Selecting previously unselected package libssl3:arm64.
#8 42.83 Preparing to unpack .../6-libssl3_3.0.20-1~deb12u2_arm64.deb ...
#8 42.83 Unpacking libssl3:arm64 (3.0.20-1~deb12u2) ...
#8 42.93 Selecting previously unselected package libpython3.11-minimal:arm64.
#8 42.93 Preparing to unpack .../7-libpython3.11-minimal_3.11.2-6+deb12u8_arm64.deb ...
#8 42.93 Unpacking libpython3.11-minimal:arm64 (3.11.2-6+deb12u8) ...
#8 43.00 Selecting previously unselected package libexpat1:arm64.
#8 43.00 Preparing to unpack .../8-libexpat1_2.5.0-1+deb12u3_arm64.deb ...
#8 43.00 Unpacking libexpat1:arm64 (2.5.0-1+deb12u3) ...
#8 43.02 Selecting previously unselected package python3.11-minimal.
#8 43.02 Preparing to unpack .../9-python3.11-minimal_3.11.2-6+deb12u8_arm64.deb ...
#8 43.02 Unpacking python3.11-minimal (3.11.2-6+deb12u8) ...
#8 43.14 Setting up libssl3:arm64 (3.0.20-1~deb12u2) ...
#8 43.15 Setting up libpython3.11-minimal:arm64 (3.11.2-6+deb12u8) ...
#8 43.15 Setting up libexpat1:arm64 (2.5.0-1+deb12u3) ...
#8 43.16 Setting up python3.11-minimal (3.11.2-6+deb12u8) ...
#8 43.50 Selecting previously unselected package python3-minimal.
#8 43.50 (Reading database ... (Reading database ... 5%(Reading database ... 10%(Reading database ... 15%(Reading database ... 20%(Reading database ... 25%(Reading database ... 30%(Reading database ... 35%(Reading database ... 40%(Reading database ... 45%(Reading database ... 50%(Reading database ... 55%(Reading database ... 60%(Reading database ... 65%(Reading database ... 70%(Reading database ... 75%(Reading database ... 80%(Reading database ... 85%(Reading database ... 90%(Reading database ... 95%(Reading database ... 100%(Reading database ... 8444 files and directories currently installed.)
#8 43.50 Preparing to unpack .../00-python3-minimal_3.11.2-1+b1_arm64.deb ...
#8 43.51 Unpacking python3-minimal (3.11.2-1+b1) ...
#8 43.52 Selecting previously unselected package media-types.
#8 43.52 Preparing to unpack .../01-media-types_10.0.0_all.deb ...
#8 43.52 Unpacking media-types (10.0.0) ...
#8 43.54 Selecting previously unselected package libncursesw6:arm64.
#8 43.54 Preparing to unpack .../02-libncursesw6_6.4-4_arm64.deb ...
#8 43.54 Unpacking libncursesw6:arm64 (6.4-4) ...
#8 43.56 Selecting previously unselected package libkrb5support0:arm64.
#8 43.56 Preparing to unpack .../03-libkrb5support0_1.20.1-2+deb12u5_arm64.deb ...
#8 43.57 Unpacking libkrb5support0:arm64 (1.20.1-2+deb12u5) ...
#8 43.58 Selecting previously unselected package libk5crypto3:arm64.
#8 43.58 Preparing to unpack .../04-libk5crypto3_1.20.1-2+deb12u5_arm64.deb ...
#8 43.58 Unpacking libk5crypto3:arm64 (1.20.1-2+deb12u5) ...
#8 43.60 Selecting previously unselected package libkeyutils1:arm64.
#8 43.60 Preparing to unpack .../05-libkeyutils1_1.6.3-2_arm64.deb ...
#8 43.60 Unpacking libkeyutils1:arm64 (1.6.3-2) ...
#8 43.62 Selecting previously unselected package libkrb5-3:arm64.
#8 43.62 Preparing to unpack .../06-libkrb5-3_1.20.1-2+deb12u5_arm64.deb ...
#8 43.62 Unpacking libkrb5-3:arm64 (1.20.1-2+deb12u5) ...
#8 43.66 Selecting previously unselected package libgssapi-krb5-2:arm64.
#8 43.66 Preparing to unpack .../07-libgssapi-krb5-2_1.20.1-2+deb12u5_arm64.deb ...
#8 43.66 Unpacking libgssapi-krb5-2:arm64 (1.20.1-2+deb12u5) ...
#8 43.68 Selecting previously unselected package libtirpc-common.
#8 43.68 Preparing to unpack .../08-libtirpc-common_1.3.3+ds-1_all.deb ...
#8 43.68 Unpacking libtirpc-common (1.3.3+ds-1) ...
#8 43.69 Selecting previously unselected package libtirpc3:arm64.
#8 43.70 Preparing to unpack .../09-libtirpc3_1.3.3+ds-1_arm64.deb ...
#8 43.70 Unpacking libtirpc3:arm64 (1.3.3+ds-1) ...
#8 43.72 Selecting previously unselected package libnsl2:arm64.
#8 43.72 Preparing to unpack .../10-libnsl2_1.3.0-2_arm64.deb ...
#8 43.72 Unpacking libnsl2:arm64 (1.3.0-2) ...
#8 43.74 Selecting previously unselected package readline-common.
#8 43.74 Preparing to unpack .../11-readline-common_8.2-1.3_all.deb ...
#8 43.74 Unpacking readline-common (8.2-1.3) ...
#8 43.75 Selecting previously unselected package libreadline8:arm64.
#8 43.76 Preparing to unpack .../12-libreadline8_8.2-1.3_arm64.deb ...
#8 43.76 Unpacking libreadline8:arm64 (8.2-1.3) ...
#8 43.78 Selecting previously unselected package libsqlite3-0:arm64.
#8 43.78 Preparing to unpack .../13-libsqlite3-0_3.40.1-2+deb12u2_arm64.deb ...
#8 43.78 Unpacking libsqlite3-0:arm64 (3.40.1-2+deb12u2) ...
#8 43.83 Selecting previously unselected package libpython3.11-stdlib:arm64.
#8 43.83 Preparing to unpack .../14-libpython3.11-stdlib_3.11.2-6+deb12u8_arm64.deb ...
#8 43.83 Unpacking libpython3.11-stdlib:arm64 (3.11.2-6+deb12u8) ...
#8 43.94 Selecting previously unselected package python3.11.
#8 43.94 Preparing to unpack .../15-python3.11_3.11.2-6+deb12u8_arm64.deb ...
#8 43.95 Unpacking python3.11 (3.11.2-6+deb12u8) ...
#8 43.97 Selecting previously unselected package libpython3-stdlib:arm64.
#8 43.97 Preparing to unpack .../16-libpython3-stdlib_3.11.2-1+b1_arm64.deb ...
#8 43.97 Unpacking libpython3-stdlib:arm64 (3.11.2-1+b1) ...
#8 43.98 Setting up python3-minimal (3.11.2-1+b1) ...
#8 44.06 Selecting previously unselected package python3.
#8 44.06 (Reading database ... (Reading database ... 5%(Reading database ... 10%(Reading database ... 15%(Reading database ... 20%(Reading database ... 25%(Reading database ... 30%(Reading database ... 35%(Reading database ... 40%(Reading database ... 45%(Reading database ... 50%(Reading database ... 55%(Reading database ... 60%(Reading database ... 65%(Reading database ... 70%(Reading database ... 75%(Reading database ... 80%(Reading database ... 85%(Reading database ... 90%(Reading database ... 95%(Reading database ... 100%(Reading database ... 8951 files and directories currently installed.)
#8 44.06 Preparing to unpack .../000-python3_3.11.2-1+b1_arm64.deb ...
#8 44.07 Unpacking python3 (3.11.2-1+b1) ...
#8 44.08 Selecting previously unselected package netbase.
#8 44.08 Preparing to unpack .../001-netbase_6.4_all.deb ...
#8 44.08 Unpacking netbase (6.4) ...
#8 44.09 Selecting previously unselected package bzip2.
#8 44.10 Preparing to unpack .../002-bzip2_1.0.8-5+b1_arm64.deb ...
#8 44.10 Unpacking bzip2 (1.0.8-5+b1) ...
#8 44.11 Selecting previously unselected package openssl.
#8 44.11 Preparing to unpack .../003-openssl_3.0.20-1~deb12u2_arm64.deb ...
#8 44.11 Unpacking openssl (3.0.20-1~deb12u2) ...
#8 44.20 Selecting previously unselected package ca-certificates.
#8 44.20 Preparing to unpack .../004-ca-certificates_20250419~deb12u1_all.deb ...
#8 44.20 Unpacking ca-certificates (20250419~deb12u1) ...
#8 44.23 Selecting previously unselected package krb5-locales.
#8 44.23 Preparing to unpack .../005-krb5-locales_1.20.1-2+deb12u5_all.deb ...
#8 44.23 Unpacking krb5-locales (1.20.1-2+deb12u5) ...
#8 44.24 Selecting previously unselected package manpages.
#8 44.25 Preparing to unpack .../006-manpages_6.03-2_all.deb ...
#8 44.25 Unpacking manpages (6.03-2) ...
#8 44.31 Selecting previously unselected package libpsl5:arm64.
#8 44.32 Preparing to unpack .../007-libpsl5_0.21.2-1_arm64.deb ...
#8 44.32 Unpacking libpsl5:arm64 (0.21.2-1) ...
#8 44.33 Selecting previously unselected package wget.
#8 44.33 Preparing to unpack .../008-wget_1.21.3-1+deb12u1_arm64.deb ...
#8 44.33 Unpacking wget (1.21.3-1+deb12u1) ...
#8 44.39 Selecting previously unselected package xz-utils.
#8 44.39 Preparing to unpack .../009-xz-utils_5.4.1-1+deb12u2_arm64.deb ...
#8 44.39 Unpacking xz-utils (5.4.1-1+deb12u2) ...
#8 44.43 Selecting previously unselected package binutils-common:arm64.
#8 44.43 Preparing to unpack .../010-binutils-common_2.40-2_arm64.deb ...
#8 44.44 Unpacking binutils-common:arm64 (2.40-2) ...
#8 44.59 Selecting previously unselected package libbinutils:arm64.
#8 44.59 Preparing to unpack .../011-libbinutils_2.40-2_arm64.deb ...
#8 44.59 Unpacking libbinutils:arm64 (2.40-2) ...
#8 44.64 Selecting previously unselected package libctf-nobfd0:arm64.
#8 44.65 Preparing to unpack .../012-libctf-nobfd0_2.40-2_arm64.deb ...
#8 44.65 Unpacking libctf-nobfd0:arm64 (2.40-2) ...
#8 44.67 Selecting previously unselected package libctf0:arm64.
#8 44.67 Preparing to unpack .../013-libctf0_2.40-2_arm64.deb ...
#8 44.67 Unpacking libctf0:arm64 (2.40-2) ...
#8 44.69 Selecting previously unselected package libgprofng0:arm64.
#8 44.69 Preparing to unpack .../014-libgprofng0_2.40-2_arm64.deb ...
#8 44.69 Unpacking libgprofng0:arm64 (2.40-2) ...
#8 44.74 Selecting previously unselected package libjansson4:arm64.
#8 44.74 Preparing to unpack .../015-libjansson4_2.14-2_arm64.deb ...
#8 44.75 Unpacking libjansson4:arm64 (2.14-2) ...
#8 44.76 Selecting previously unselected package binutils-aarch64-linux-gnu.
#8 44.76 Preparing to unpack .../016-binutils-aarch64-linux-gnu_2.40-2_arm64.deb ...
#8 44.76 Unpacking binutils-aarch64-linux-gnu (2.40-2) ...
#8 44.94 Selecting previously unselected package binutils.
#8 44.94 Preparing to unpack .../017-binutils_2.40-2_arm64.deb ...
#8 44.94 Unpacking binutils (2.40-2) ...
#8 44.96 Selecting previously unselected package libc-dev-bin.
#8 44.96 Preparing to unpack .../018-libc-dev-bin_2.36-9+deb12u14_arm64.deb ...
#8 44.96 Unpacking libc-dev-bin (2.36-9+deb12u14) ...
#8 44.97 Selecting previously unselected package linux-libc-dev:arm64.
#8 44.97 Preparing to unpack .../019-linux-libc-dev_6.1.187-1_arm64.deb ...
#8 44.98 Unpacking linux-libc-dev:arm64 (6.1.187-1) ...
#8 45.06 Selecting previously unselected package libcrypt-dev:arm64.
#8 45.06 Preparing to unpack .../020-libcrypt-dev_1%3a4.4.33-2_arm64.deb ...
#8 45.06 Unpacking libcrypt-dev:arm64 (1:4.4.33-2) ...
#8 45.08 Selecting previously unselected package libtirpc-dev:arm64.
#8 45.08 Preparing to unpack .../021-libtirpc-dev_1.3.3+ds-1_arm64.deb ...
#8 45.08 Unpacking libtirpc-dev:arm64 (1.3.3+ds-1) ...
#8 45.10 Selecting previously unselected package libnsl-dev:arm64.
#8 45.10 Preparing to unpack .../022-libnsl-dev_1.3.0-2_arm64.deb ...
#8 45.10 Unpacking libnsl-dev:arm64 (1.3.0-2) ...
#8 45.12 Selecting previously unselected package rpcsvc-proto.
#8 45.12 Preparing to unpack .../023-rpcsvc-proto_1.4.3-1_arm64.deb ...
#8 45.12 Unpacking rpcsvc-proto (1.4.3-1) ...
#8 45.14 Selecting previously unselected package libc6-dev:arm64.
#8 45.14 Preparing to unpack .../024-libc6-dev_2.36-9+deb12u14_arm64.deb ...
#8 45.14 Unpacking libc6-dev:arm64 (2.36-9+deb12u14) ...
#8 45.24 Selecting previously unselected package libisl23:arm64.
#8 45.24 Preparing to unpack .../025-libisl23_0.25-1.1_arm64.deb ...
#8 45.25 Unpacking libisl23:arm64 (0.25-1.1) ...
#8 45.29 Selecting previously unselected package libmpfr6:arm64.
#8 45.29 Preparing to unpack .../026-libmpfr6_4.2.0-1_arm64.deb ...
#8 45.30 Unpacking libmpfr6:arm64 (4.2.0-1) ...
#8 45.33 Selecting previously unselected package libmpc3:arm64.
#8 45.33 Preparing to unpack .../027-libmpc3_1.3.1-1_arm64.deb ...
#8 45.33 Unpacking libmpc3:arm64 (1.3.1-1) ...
#8 45.34 Selecting previously unselected package cpp-12.
#8 45.34 Preparing to unpack .../028-cpp-12_12.2.0-14+deb12u1_arm64.deb ...
#8 45.34 Unpacking cpp-12 (12.2.0-14+deb12u1) ...
#8 45.74 Selecting previously unselected package cpp.
#8 45.74 Preparing to unpack .../029-cpp_4%3a12.2.0-3_arm64.deb ...
#8 45.74 Unpacking cpp (4:12.2.0-3) ...
#8 45.76 Selecting previously unselected package libcc1-0:arm64.
#8 45.76 Preparing to unpack .../030-libcc1-0_12.2.0-14+deb12u1_arm64.deb ...
#8 45.76 Unpacking libcc1-0:arm64 (12.2.0-14+deb12u1) ...
#8 45.77 Selecting previously unselected package libgomp1:arm64.
#8 45.78 Preparing to unpack .../031-libgomp1_12.2.0-14+deb12u1_arm64.deb ...
#8 45.78 Unpacking libgomp1:arm64 (12.2.0-14+deb12u1) ...
#8 45.80 Selecting previously unselected package libitm1:arm64.
#8 45.80 Preparing to unpack .../032-libitm1_12.2.0-14+deb12u1_arm64.deb ...
#8 45.80 Unpacking libitm1:arm64 (12.2.0-14+deb12u1) ...
#8 45.81 Selecting previously unselected package libatomic1:arm64.
#8 45.81 Preparing to unpack .../033-libatomic1_12.2.0-14+deb12u1_arm64.deb ...
#8 45.82 Unpacking libatomic1:arm64 (12.2.0-14+deb12u1) ...
#8 45.83 Selecting previously unselected package libasan8:arm64.
#8 45.83 Preparing to unpack .../034-libasan8_12.2.0-14+deb12u1_arm64.deb ...
#8 45.83 Unpacking libasan8:arm64 (12.2.0-14+deb12u1) ...
#8 45.96 Selecting previously unselected package liblsan0:arm64.
#8 45.96 Preparing to unpack .../035-liblsan0_12.2.0-14+deb12u1_arm64.deb ...
#8 45.96 Unpacking liblsan0:arm64 (12.2.0-14+deb12u1) ...
#8 46.03 Selecting previously unselected package libtsan2:arm64.
#8 46.03 Preparing to unpack .../036-libtsan2_12.2.0-14+deb12u1_arm64.deb ...
#8 46.03 Unpacking libtsan2:arm64 (12.2.0-14+deb12u1) ...
#8 46.16 Selecting previously unselected package libubsan1:arm64.
#8 46.16 Preparing to unpack .../037-libubsan1_12.2.0-14+deb12u1_arm64.deb ...
#8 46.16 Unpacking libubsan1:arm64 (12.2.0-14+deb12u1) ...
#8 46.23 Selecting previously unselected package libhwasan0:arm64.
#8 46.23 Preparing to unpack .../038-libhwasan0_12.2.0-14+deb12u1_arm64.deb ...
#8 46.23 Unpacking libhwasan0:arm64 (12.2.0-14+deb12u1) ...
#8 46.30 Selecting previously unselected package libgcc-12-dev:arm64.
#8 46.30 Preparing to unpack .../039-libgcc-12-dev_12.2.0-14+deb12u1_arm64.deb ...
#8 46.30 Unpacking libgcc-12-dev:arm64 (12.2.0-14+deb12u1) ...
#8 46.38 Selecting previously unselected package gcc-12.
#8 46.38 Preparing to unpack .../040-gcc-12_12.2.0-14+deb12u1_arm64.deb ...
#8 46.38 Unpacking gcc-12 (12.2.0-14+deb12u1) ...
#8 46.90 Selecting previously unselected package gcc.
#8 46.90 Preparing to unpack .../041-gcc_4%3a12.2.0-3_arm64.deb ...
#8 46.90 Unpacking gcc (4:12.2.0-3) ...
#8 46.92 Selecting previously unselected package libstdc++-12-dev:arm64.
#8 46.92 Preparing to unpack .../042-libstdc++-12-dev_12.2.0-14+deb12u1_arm64.deb ...
#8 46.92 Unpacking libstdc++-12-dev:arm64 (12.2.0-14+deb12u1) ...
#8 47.06 Selecting previously unselected package g++-12.
#8 47.06 Preparing to unpack .../043-g++-12_12.2.0-14+deb12u1_arm64.deb ...
#8 47.06 Unpacking g++-12 (12.2.0-14+deb12u1) ...
#8 47.48 Selecting previously unselected package g++.
#8 47.48 Preparing to unpack .../044-g++_4%3a12.2.0-3_arm64.deb ...
#8 47.48 Unpacking g++ (4:12.2.0-3) ...
#8 47.49 Selecting previously unselected package make.
#8 47.49 Preparing to unpack .../045-make_4.3-4.1_arm64.deb ...
#8 47.50 Unpacking make (4.3-4.1) ...
#8 47.53 Selecting previously unselected package libdpkg-perl.
#8 47.53 Preparing to unpack .../046-libdpkg-perl_1.21.23_all.deb ...
#8 47.53 Unpacking libdpkg-perl (1.21.23) ...
#8 47.57 Selecting previously unselected package patch.
#8 47.57 Preparing to unpack .../047-patch_2.7.6-7_arm64.deb ...
#8 47.57 Unpacking patch (2.7.6-7) ...
#8 47.59 Selecting previously unselected package dpkg-dev.
#8 47.59 Preparing to unpack .../048-dpkg-dev_1.21.23_all.deb ...
#8 47.59 Unpacking dpkg-dev (1.21.23) ...
#8 47.67 Selecting previously unselected package build-essential.
#8 47.67 Preparing to unpack .../049-build-essential_12.9_arm64.deb ...
#8 47.67 Unpacking build-essential (12.9) ...
#8 47.68 Selecting previously unselected package libbrotli1:arm64.
#8 47.68 Preparing to unpack .../050-libbrotli1_1.0.9-2+b6_arm64.deb ...
#8 47.69 Unpacking libbrotli1:arm64 (1.0.9-2+b6) ...
#8 47.71 Selecting previously unselected package libsasl2-modules-db:arm64.
#8 47.71 Preparing to unpack .../051-libsasl2-modules-db_2.1.28+dfsg-10_arm64.deb ...
#8 47.71 Unpacking libsasl2-modules-db:arm64 (2.1.28+dfsg-10) ...
#8 47.73 Selecting previously unselected package libsasl2-2:arm64.
#8 47.73 Preparing to unpack .../052-libsasl2-2_2.1.28+dfsg-10_arm64.deb ...
#8 47.79 Unpacking libsasl2-2:arm64 (2.1.28+dfsg-10) ...
#8 47.81 Selecting previously unselected package libldap-2.5-0:arm64.
#8 47.81 Preparing to unpack .../053-libldap-2.5-0_2.5.13+dfsg-5_arm64.deb ...
#8 47.81 Unpacking libldap-2.5-0:arm64 (2.5.13+dfsg-5) ...
#8 47.83 Selecting previously unselected package libnghttp2-14:arm64.
#8 47.83 Preparing to unpack .../054-libnghttp2-14_1.52.0-1+deb12u3_arm64.deb ...
#8 47.83 Unpacking libnghttp2-14:arm64 (1.52.0-1+deb12u3) ...
#8 47.85 Selecting previously unselected package librtmp1:arm64.
#8 47.85 Preparing to unpack .../055-librtmp1_2.4+20151223.gitfa8646d.1-2+b2_arm64.deb ...
#8 47.86 Unpacking librtmp1:arm64 (2.4+20151223.gitfa8646d.1-2+b2) ...
#8 47.87 Selecting previously unselected package libssh2-1:arm64.
#8 47.87 Preparing to unpack .../056-libssh2-1_1.10.0-3+deb12u1_arm64.deb ...
#8 47.88 Unpacking libssh2-1:arm64 (1.10.0-3+deb12u1) ...
#8 47.90 Selecting previously unselected package libcurl4:arm64.
#8 47.90 Preparing to unpack .../057-libcurl4_7.88.1-10+deb12u15_arm64.deb ...
#8 47.90 Unpacking libcurl4:arm64 (7.88.1-10+deb12u15) ...
#8 47.93 Selecting previously unselected package curl.
#8 47.93 Preparing to unpack .../058-curl_7.88.1-10+deb12u15_arm64.deb ...
#8 47.93 Unpacking curl (7.88.1-10+deb12u15) ...
#8 47.96 Selecting previously unselected package libassuan0:arm64.
#8 47.96 Preparing to unpack .../059-libassuan0_2.5.5-5_arm64.deb ...
#8 47.97 Unpacking libassuan0:arm64 (2.5.5-5) ...
#8 47.98 Selecting previously unselected package gpgconf.
#8 47.98 Preparing to unpack .../060-gpgconf_2.2.40-1.1+deb12u2_arm64.deb ...
#8 47.98 Unpacking gpgconf (2.2.40-1.1+deb12u2) ...
#8 48.01 Selecting previously unselected package libksba8:arm64.
#8 48.01 Preparing to unpack .../061-libksba8_1.6.3-2_arm64.deb ...
#8 48.01 Unpacking libksba8:arm64 (1.6.3-2) ...
#8 48.03 Selecting previously unselected package libnpth0:arm64.
#8 48.03 Preparing to unpack .../062-libnpth0_1.6-3_arm64.deb ...
#8 48.03 Unpacking libnpth0:arm64 (1.6-3) ...
#8 48.05 Selecting previously unselected package dirmngr.
#8 48.05 Preparing to unpack .../063-dirmngr_2.2.40-1.1+deb12u2_arm64.deb ...
#8 48.06 Unpacking dirmngr (2.2.40-1.1+deb12u2) ...
#8 48.10 Selecting previously unselected package libfakeroot:arm64.
#8 48.10 Preparing to unpack .../064-libfakeroot_1.31-1.2_arm64.deb ...
#8 48.10 Unpacking libfakeroot:arm64 (1.31-1.2) ...
#8 48.12 Selecting previously unselected package fakeroot.
#8 48.12 Preparing to unpack .../065-fakeroot_1.31-1.2_arm64.deb ...
#8 48.12 Unpacking fakeroot (1.31-1.2) ...
#8 48.14 Selecting previously unselected package fonts-dejavu-core.
#8 48.14 Preparing to unpack .../066-fonts-dejavu-core_2.37-6_all.deb ...
#8 48.14 Unpacking fonts-dejavu-core (2.37-6) ...
#8 48.22 Selecting previously unselected package fontconfig-config.
#8 48.22 Preparing to unpack .../067-fontconfig-config_2.14.1-4_arm64.deb ...
#8 48.26 Unpacking fontconfig-config (2.14.1-4) ...
#8 48.28 Selecting previously unselected package gnupg-l10n.
#8 48.28 Preparing to unpack .../068-gnupg-l10n_2.2.40-1.1+deb12u2_all.deb ...
#8 48.28 Unpacking gnupg-l10n (2.2.40-1.1+deb12u2) ...
#8 48.34 Selecting previously unselected package gnupg-utils.
#8 48.34 Preparing to unpack .../069-gnupg-utils_2.2.40-1.1+deb12u2_arm64.deb ...
#8 48.34 Unpacking gnupg-utils (2.2.40-1.1+deb12u2) ...
#8 48.39 Selecting previously unselected package gpg.
#8 48.39 Preparing to unpack .../070-gpg_2.2.40-1.1+deb12u2_arm64.deb ...
#8 48.39 Unpacking gpg (2.2.40-1.1+deb12u2) ...
#8 48.45 Selecting previously unselected package pinentry-curses.
#8 48.45 Preparing to unpack .../071-pinentry-curses_1.2.1-1_arm64.deb ...
#8 48.45 Unpacking pinentry-curses (1.2.1-1) ...
#8 48.47 Selecting previously unselected package gpg-agent.
#8 48.47 Preparing to unpack .../072-gpg-agent_2.2.40-1.1+deb12u2_arm64.deb ...
#8 48.47 Unpacking gpg-agent (2.2.40-1.1+deb12u2) ...
#8 48.50 Selecting previously unselected package gpg-wks-client.
#8 48.51 Preparing to unpack .../073-gpg-wks-client_2.2.40-1.1+deb12u2_arm64.deb ...
#8 48.51 Unpacking gpg-wks-client (2.2.40-1.1+deb12u2) ...
#8 48.53 Selecting previously unselected package gpg-wks-server.
#8 48.53 Preparing to unpack .../074-gpg-wks-server_2.2.40-1.1+deb12u2_arm64.deb ...
#8 48.53 Unpacking gpg-wks-server (2.2.40-1.1+deb12u2) ...
#8 48.55 Selecting previously unselected package gpgsm.
#8 48.55 Preparing to unpack .../075-gpgsm_2.2.40-1.1+deb12u2_arm64.deb ...
#8 48.55 Unpacking gpgsm (2.2.40-1.1+deb12u2) ...
#8 48.58 Selecting previously unselected package gnupg.
#8 48.58 Preparing to unpack .../076-gnupg_2.2.40-1.1+deb12u2_all.deb ...
#8 48.58 Unpacking gnupg (2.2.40-1.1+deb12u2) ...
#8 48.63 Selecting previously unselected package javascript-common.
#8 48.63 Preparing to unpack .../077-javascript-common_11+nmu1_all.deb ...
#8 48.63 Unpacking javascript-common (11+nmu1) ...
#8 48.65 Selecting previously unselected package libonig5:arm64.
#8 48.65 Preparing to unpack .../078-libonig5_6.9.8-1_arm64.deb ...
#8 48.65 Unpacking libonig5:arm64 (6.9.8-1) ...
#8 48.68 Selecting previously unselected package libjq1:arm64.
#8 48.68 Preparing to unpack .../079-libjq1_1.6-2.1+deb12u2_arm64.deb ...
#8 48.68 Unpacking libjq1:arm64 (1.6-2.1+deb12u2) ...
#8 48.70 Selecting previously unselected package jq.
#8 48.70 Preparing to unpack .../080-jq_1.6-2.1+deb12u2_arm64.deb ...
#8 48.70 Unpacking jq (1.6-2.1+deb12u2) ...
#8 48.72 Selecting previously unselected package libabsl20220623:arm64.
#8 48.72 Preparing to unpack .../081-libabsl20220623_20220623.1-1+deb12u2_arm64.deb ...
#8 48.72 Unpacking libabsl20220623:arm64 (20220623.1-1+deb12u2) ...
#8 48.76 Selecting previously unselected package libalgorithm-diff-perl.
#8 48.77 Preparing to unpack .../082-libalgorithm-diff-perl_1.201-1_all.deb ...
#8 48.77 Unpacking libalgorithm-diff-perl (1.201-1) ...
#8 48.78 Selecting previously unselected package libalgorithm-diff-xs-perl:arm64.
#8 48.78 Preparing to unpack .../083-libalgorithm-diff-xs-perl_0.04-8+b1_arm64.deb ...
#8 48.79 Unpacking libalgorithm-diff-xs-perl:arm64 (0.04-8+b1) ...
#8 48.81 Selecting previously unselected package libalgorithm-merge-perl.
#8 48.81 Preparing to unpack .../084-libalgorithm-merge-perl_0.08-5_all.deb ...
#8 48.81 Unpacking libalgorithm-merge-perl (0.08-5) ...
#8 48.83 Selecting previously unselected package libaom3:arm64.
#8 48.83 Preparing to unpack .../085-libaom3_3.6.0-1+deb12u3_arm64.deb ...
#8 48.83 Unpacking libaom3:arm64 (3.6.0-1+deb12u3) ...
#8 48.92 Selecting previously unselected package libdav1d6:arm64.
#8 48.92 Preparing to unpack .../086-libdav1d6_1.0.0-2+deb12u1_arm64.deb ...
#8 48.92 Unpacking libdav1d6:arm64 (1.0.0-2+deb12u1) ...
#8 48.95 Selecting previously unselected package libgav1-1:arm64.
#8 48.95 Preparing to unpack .../087-libgav1-1_0.18.0-1+b1_arm64.deb ...
#8 48.95 Unpacking libgav1-1:arm64 (0.18.0-1+b1) ...
#8 48.99 Selecting previously unselected package librav1e0:arm64.
#8 48.99 Preparing to unpack .../088-librav1e0_0.5.1-6_arm64.deb ...
#8 48.99 Unpacking librav1e0:arm64 (0.5.1-6) ...
#8 49.04 Selecting previously unselected package libsvtav1enc1:arm64.
#8 49.04 Preparing to unpack .../089-libsvtav1enc1_1.4.1+dfsg-1_arm64.deb ...
#8 49.04 Unpacking libsvtav1enc1:arm64 (1.4.1+dfsg-1) ...
#8 49.11 Selecting previously unselected package libjpeg62-turbo:arm64.
#8 49.11 Preparing to unpack .../090-libjpeg62-turbo_1%3a2.1.5-2_arm64.deb ...
#8 49.11 Unpacking libjpeg62-turbo:arm64 (1:2.1.5-2) ...
#8 49.14 Selecting previously unselected package libyuv0:arm64.
#8 49.14 Preparing to unpack .../091-libyuv0_0.0~git20230123.b2528b0-1_arm64.deb ...
#8 49.14 Unpacking libyuv0:arm64 (0.0~git20230123.b2528b0-1) ...
#8 49.16 Selecting previously unselected package libavif15:arm64.
#8 49.16 Preparing to unpack .../092-libavif15_0.11.1-1+deb12u1_arm64.deb ...
#8 49.16 Unpacking libavif15:arm64 (0.11.1-1+deb12u1) ...
#8 49.18 Selecting previously unselected package libbsd0:arm64.
#8 49.18 Preparing to unpack .../093-libbsd0_0.11.7-2_arm64.deb ...
#8 49.18 Unpacking libbsd0:arm64 (0.11.7-2) ...
#8 49.20 Selecting previously unselected package libpng16-16:arm64.
#8 49.20 Preparing to unpack .../094-libpng16-16_1.6.39-2+deb12u5_arm64.deb ...
#8 49.21 Unpacking libpng16-16:arm64 (1.6.39-2+deb12u5) ...
#8 49.23 Selecting previously unselected package libfreetype6:arm64.
#8 49.23 Preparing to unpack .../095-libfreetype6_2.12.1+dfsg-5+deb12u4_arm64.deb ...
#8 49.23 Unpacking libfreetype6:arm64 (2.12.1+dfsg-5+deb12u4) ...
#8 49.27 Selecting previously unselected package libfontconfig1:arm64.
#8 49.27 Preparing to unpack .../096-libfontconfig1_2.14.1-4_arm64.deb ...
#8 49.27 Unpacking libfontconfig1:arm64 (2.14.1-4) ...
#8 49.29 Selecting previously unselected package libde265-0:arm64.
#8 49.29 Preparing to unpack .../097-libde265-0_1.0.11-1+deb12u2_arm64.deb ...
#8 49.29 Unpacking libde265-0:arm64 (1.0.11-1+deb12u2) ...
#8 49.32 Selecting previously unselected package libnuma1:arm64.
#8 49.32 Preparing to unpack .../098-libnuma1_2.0.16-1_arm64.deb ...
#8 49.32 Unpacking libnuma1:arm64 (2.0.16-1) ...
#8 49.33 Selecting previously unselected package libx265-199:arm64.
#8 49.34 Preparing to unpack .../099-libx265-199_3.5-2+b1_arm64.deb ...
#8 49.34 Unpacking libx265-199:arm64 (3.5-2+b1) ...
#8 49.38 Selecting previously unselected package libheif1:arm64.
#8 49.38 Preparing to unpack .../100-libheif1_1.15.1-1+deb12u1_arm64.deb ...
#8 49.39 Unpacking libheif1:arm64 (1.15.1-1+deb12u1) ...
#8 49.41 Selecting previously unselected package libdeflate0:arm64.
#8 49.41 Preparing to unpack .../101-libdeflate0_1.14-1_arm64.deb ...
#8 49.41 Unpacking libdeflate0:arm64 (1.14-1) ...
#8 49.43 Selecting previously unselected package libjbig0:arm64.
#8 49.43 Preparing to unpack .../102-libjbig0_2.1-6.1_arm64.deb ...
#8 49.43 Unpacking libjbig0:arm64 (2.1-6.1) ...
#8 49.45 Selecting previously unselected package liblerc4:arm64.
#8 49.45 Preparing to unpack .../103-liblerc4_4.0.0+ds-2_arm64.deb ...
#8 49.45 Unpacking liblerc4:arm64 (4.0.0+ds-2) ...
#8 49.47 Selecting previously unselected package libwebp7:arm64.
#8 49.47 Preparing to unpack .../104-libwebp7_1.2.4-0.2+deb12u1_arm64.deb ...
#8 49.47 Unpacking libwebp7:arm64 (1.2.4-0.2+deb12u1) ...
#8 49.50 Selecting previously unselected package libtiff6:arm64.
#8 49.50 Preparing to unpack .../105-libtiff6_4.5.0-6+deb12u4_arm64.deb ...
#8 49.50 Unpacking libtiff6:arm64 (4.5.0-6+deb12u4) ...
#8 49.53 Selecting previously unselected package libxau6:arm64.
#8 49.53 Preparing to unpack .../106-libxau6_1%3a1.0.9-1_arm64.deb ...
#8 49.53 Unpacking libxau6:arm64 (1:1.0.9-1) ...
#8 49.54 Selecting previously unselected package libxdmcp6:arm64.
#8 49.54 Preparing to unpack .../107-libxdmcp6_1%3a1.1.2-3_arm64.deb ...
#8 49.55 Unpacking libxdmcp6:arm64 (1:1.1.2-3) ...
#8 49.56 Selecting previously unselected package libxcb1:arm64.
#8 49.56 Preparing to unpack .../108-libxcb1_1.15-1_arm64.deb ...
#8 49.56 Unpacking libxcb1:arm64 (1.15-1) ...
#8 49.58 Selecting previously unselected package libx11-data.
#8 49.58 Preparing to unpack .../109-libx11-data_2%3a1.8.4-2+deb12u2_all.deb ...
#8 49.58 Unpacking libx11-data (2:1.8.4-2+deb12u2) ...
#8 49.61 Selecting previously unselected package libx11-6:arm64.
#8 49.61 Preparing to unpack .../110-libx11-6_2%3a1.8.4-2+deb12u2_arm64.deb ...
#8 49.61 Unpacking libx11-6:arm64 (2:1.8.4-2+deb12u2) ...
#8 49.66 Selecting previously unselected package libxpm4:arm64.
#8 49.66 Preparing to unpack .../111-libxpm4_1%3a3.5.12-1.1+deb12u1_arm64.deb ...
#8 49.66 Unpacking libxpm4:arm64 (1:3.5.12-1.1+deb12u1) ...
#8 49.68 Selecting previously unselected package libgd3:arm64.
#8 49.68 Preparing to unpack .../112-libgd3_2.3.3-9+deb12u1_arm64.deb ...
#8 49.68 Unpacking libgd3:arm64 (2.3.3-9+deb12u1) ...
#8 49.70 Selecting previously unselected package libc-devtools.
#8 49.70 Preparing to unpack .../113-libc-devtools_2.36-9+deb12u14_arm64.deb ...
#8 49.70 Unpacking libc-devtools (2.36-9+deb12u14) ...
#8 49.72 Selecting previously unselected package libexpat1-dev:arm64.
#8 49.72 Preparing to unpack .../114-libexpat1-dev_2.5.0-1+deb12u3_arm64.deb ...
#8 49.72 Unpacking libexpat1-dev:arm64 (2.5.0-1+deb12u3) ...
#8 49.75 Selecting previously unselected package libfile-fcntllock-perl.
#8 49.75 Preparing to unpack .../115-libfile-fcntllock-perl_0.22-4+b1_arm64.deb ...
#8 49.75 Unpacking libfile-fcntllock-perl (0.22-4+b1) ...
#8 49.76 Selecting previously unselected package libgpm2:arm64.
#8 49.77 Preparing to unpack .../116-libgpm2_1.20.7-10+b1_arm64.deb ...
#8 49.77 Unpacking libgpm2:arm64 (1.20.7-10+b1) ...
#8 49.78 Selecting previously unselected package libjs-jquery.
#8 49.78 Preparing to unpack .../117-libjs-jquery_3.6.1+dfsg+~3.5.14-1_all.deb ...
#8 49.79 Unpacking libjs-jquery (3.6.1+dfsg+~3.5.14-1) ...
#8 49.82 Selecting previously unselected package libjs-underscore.
#8 49.82 Preparing to unpack .../118-libjs-underscore_1.13.4~dfsg+~1.11.4-3_all.deb ...
#8 49.82 Unpacking libjs-underscore (1.13.4~dfsg+~1.11.4-3) ...
#8 49.85 Selecting previously unselected package libjs-sphinxdoc.
#8 49.85 Preparing to unpack .../119-libjs-sphinxdoc_5.3.0-4_all.deb ...
#8 49.85 Unpacking libjs-sphinxdoc (5.3.0-4) ...
#8 49.88 Selecting previously unselected package libldap-common.
#8 49.88 Preparing to unpack .../120-libldap-common_2.5.13+dfsg-5_all.deb ...
#8 49.88 Unpacking libldap-common (2.5.13+dfsg-5) ...
#8 49.90 Selecting previously unselected package libpython3.11:arm64.
#8 49.91 Preparing to unpack .../121-libpython3.11_3.11.2-6+deb12u8_arm64.deb ...
#8 49.91 Unpacking libpython3.11:arm64 (3.11.2-6+deb12u8) ...
#8 50.03 Selecting previously unselected package zlib1g-dev:arm64.
#8 50.03 Preparing to unpack .../122-zlib1g-dev_1%3a1.2.13.dfsg-1_arm64.deb ...
#8 50.03 Unpacking zlib1g-dev:arm64 (1:1.2.13.dfsg-1) ...
#8 50.06 Selecting previously unselected package libpython3.11-dev:arm64.
#8 50.06 Preparing to unpack .../123-libpython3.11-dev_3.11.2-6+deb12u8_arm64.deb ...
#8 50.06 Unpacking libpython3.11-dev:arm64 (3.11.2-6+deb12u8) ...
#8 50.34 Selecting previously unselected package libpython3-dev:arm64.
#8 50.34 Preparing to unpack .../124-libpython3-dev_3.11.2-1+b1_arm64.deb ...
#8 50.34 Unpacking libpython3-dev:arm64 (3.11.2-1+b1) ...
#8 50.36 Selecting previously unselected package libsasl2-modules:arm64.
#8 50.36 Preparing to unpack .../125-libsasl2-modules_2.1.28+dfsg-10_arm64.deb ...
#8 50.36 Unpacking libsasl2-modules:arm64 (2.1.28+dfsg-10) ...
#8 50.38 Selecting previously unselected package manpages-dev.
#8 50.38 Preparing to unpack .../126-manpages-dev_6.03-2_all.deb ...
#8 50.38 Unpacking manpages-dev (6.03-2) ...
#8 50.51 Selecting previously unselected package publicsuffix.
#8 50.51 Preparing to unpack .../127-publicsuffix_20230209.2326-1_all.deb ...
#8 50.51 Unpacking publicsuffix (20230209.2326-1) ...
#8 50.53 Selecting previously unselected package python3.11-dev.
#8 50.53 Preparing to unpack .../128-python3.11-dev_3.11.2-6+deb12u8_arm64.deb ...
#8 50.54 Unpacking python3.11-dev (3.11.2-6+deb12u8) ...
#8 50.56 Selecting previously unselected package python3-lib2to3.
#8 50.56 Preparing to unpack .../129-python3-lib2to3_3.11.2-3_all.deb ...
#8 50.56 Unpacking python3-lib2to3 (3.11.2-3) ...
#8 50.58 Selecting previously unselected package python3-distutils.
#8 50.58 Preparing to unpack .../130-python3-distutils_3.11.2-3_all.deb ...
#8 50.58 Unpacking python3-distutils (3.11.2-3) ...
#8 50.60 Selecting previously unselected package python3-dev.
#8 50.60 Preparing to unpack .../131-python3-dev_3.11.2-1+b1_arm64.deb ...
#8 50.60 Unpacking python3-dev (3.11.2-1+b1) ...
#8 50.61 Selecting previously unselected package python3-pkg-resources.
#8 50.61 Preparing to unpack .../132-python3-pkg-resources_66.1.1-1+deb12u2_all.deb ...
#8 50.62 Unpacking python3-pkg-resources (66.1.1-1+deb12u2) ...
#8 50.65 Selecting previously unselected package python3-setuptools.
#8 50.65 Preparing to unpack .../133-python3-setuptools_66.1.1-1+deb12u2_all.deb ...
#8 50.65 Unpacking python3-setuptools (66.1.1-1+deb12u2) ...
#8 50.69 Selecting previously unselected package python3-wheel.
#8 50.69 Preparing to unpack .../134-python3-wheel_0.38.4-2_all.deb ...
#8 50.69 Unpacking python3-wheel (0.38.4-2) ...
#8 50.71 Selecting previously unselected package python3-pip.
#8 50.71 Preparing to unpack .../135-python3-pip_23.0.1+dfsg-1_all.deb ...
#8 50.71 Unpacking python3-pip (23.0.1+dfsg-1) ...
#8 50.97 Selecting previously unselected package python3-pip-whl.
#8 50.97 Preparing to unpack .../136-python3-pip-whl_23.0.1+dfsg-1_all.deb ...
#8 50.97 Unpacking python3-pip-whl (23.0.1+dfsg-1) ...
#8 51.05 Selecting previously unselected package python3-setuptools-whl.
#8 51.05 Preparing to unpack .../137-python3-setuptools-whl_66.1.1-1+deb12u2_all.deb ...
#8 51.05 Unpacking python3-setuptools-whl (66.1.1-1+deb12u2) ...
#8 51.10 Selecting previously unselected package python3.11-venv.
#8 51.10 Preparing to unpack .../138-python3.11-venv_3.11.2-6+deb12u8_arm64.deb ...
#8 51.10 Unpacking python3.11-venv (3.11.2-6+deb12u8) ...
#8 51.12 Selecting previously unselected package python3-venv.
#8 51.12 Preparing to unpack .../139-python3-venv_3.11.2-1+b1_arm64.deb ...
#8 51.12 Unpacking python3-venv (3.11.2-1+b1) ...
#8 51.13 Selecting previously unselected package unzip.
#8 51.13 Preparing to unpack .../140-unzip_6.0-28+deb12u1_arm64.deb ...
#8 51.13 Unpacking unzip (6.0-28+deb12u1) ...
#8 51.16 Setting up libksba8:arm64 (1.6.3-2) ...
#8 51.16 Setting up media-types (10.0.0) ...
#8 51.17 Setting up javascript-common (11+nmu1) ...
#8 51.18 Setting up libaom3:arm64 (3.6.0-1+deb12u3) ...
#8 51.19 Setting up libabsl20220623:arm64 (20220623.1-1+deb12u2) ...
#8 51.19 Setting up libxau6:arm64 (1:1.0.9-1) ...
#8 51.20 Setting up python3-setuptools-whl (66.1.1-1+deb12u2) ...
#8 51.20 Setting up libkeyutils1:arm64 (1.6.3-2) ...
#8 51.21 Setting up libpsl5:arm64 (0.21.2-1) ...
#8 51.21 Setting up libgpm2:arm64 (1.20.7-10+b1) ...
#8 51.22 Setting up liblerc4:arm64 (4.0.0+ds-2) ...
#8 51.22 Setting up wget (1.21.3-1+deb12u1) ...
#8 51.23 Setting up manpages (6.03-2) ...
#8 51.23 Setting up libtirpc-common (1.3.3+ds-1) ...
#8 51.24 Setting up unzip (6.0-28+deb12u1) ...
#8 51.25 Setting up libbrotli1:arm64 (1.0.9-2+b6) ...
#8 51.25 Setting up libsqlite3-0:arm64 (3.40.1-2+deb12u2) ...
#8 51.26 Setting up libsasl2-modules:arm64 (2.1.28+dfsg-10) ...
#8 51.26 Setting up binutils-common:arm64 (2.40-2) ...
#8 51.27 Setting up libnghttp2-14:arm64 (1.52.0-1+deb12u3) ...
#8 51.28 Setting up libdeflate0:arm64 (1.14-1) ...
#8 51.28 Setting up linux-libc-dev:arm64 (6.1.187-1) ...
#8 51.29 Setting up libctf-nobfd0:arm64 (2.40-2) ...
#8 51.29 Setting up libnpth0:arm64 (1.6-3) ...
#8 51.30 Setting up krb5-locales (1.20.1-2+deb12u5) ...
#8 51.30 Setting up libsvtav1enc1:arm64 (1.4.1+dfsg-1) ...
#8 51.31 Setting up libassuan0:arm64 (2.5.5-5) ...
#8 51.31 Setting up libgomp1:arm64 (12.2.0-14+deb12u1) ...
#8 51.32 Setting up bzip2 (1.0.8-5+b1) ...
#8 51.32 Setting up libldap-common (2.5.13+dfsg-5) ...
#8 51.33 Setting up libjbig0:arm64 (2.1-6.1) ...
#8 51.33 Setting up librav1e0:arm64 (0.5.1-6) ...
#8 51.34 Setting up libfakeroot:arm64 (1.31-1.2) ...
#8 51.35 Setting up libjansson4:arm64 (2.14-2) ...
#8 51.35 Setting up libkrb5support0:arm64 (1.20.1-2+deb12u5) ...
#8 51.35 Setting up libsasl2-modules-db:arm64 (2.1.28+dfsg-10) ...
#8 51.36 Setting up fakeroot (1.31-1.2) ...
#8 51.36 update-alternatives: using /usr/bin/fakeroot-sysv to provide /usr/bin/fakeroot (fakeroot) in auto mode
#8 51.36 update-alternatives: warning: skip creation of /usr/share/man/man1/fakeroot.1.gz because associated file /usr/share/man/man1/fakeroot-sysv.1.gz (of link group fakeroot) doesn't exist
#8 51.36 update-alternatives: warning: skip creation of /usr/share/man/man1/faked.1.gz because associated file /usr/share/man/man1/faked-sysv.1.gz (of link group fakeroot) doesn't exist
#8 51.36 update-alternatives: warning: skip creation of /usr/share/man/es/man1/fakeroot.1.gz because associated file /usr/share/man/es/man1/fakeroot-sysv.1.gz (of link group fakeroot) doesn't exist
#8 51.36 update-alternatives: warning: skip creation of /usr/share/man/es/man1/faked.1.gz because associated file /usr/share/man/es/man1/faked-sysv.1.gz (of link group fakeroot) doesn't exist
#8 51.36 update-alternatives: warning: skip creation of /usr/share/man/fr/man1/fakeroot.1.gz because associated file /usr/share/man/fr/man1/fakeroot-sysv.1.gz (of link group fakeroot) doesn't exist
#8 51.36 update-alternatives: warning: skip creation of /usr/share/man/fr/man1/faked.1.gz because associated file /usr/share/man/fr/man1/faked-sysv.1.gz (of link group fakeroot) doesn't exist
#8 51.36 update-alternatives: warning: skip creation of /usr/share/man/sv/man1/fakeroot.1.gz because associated file /usr/share/man/sv/man1/fakeroot-sysv.1.gz (of link group fakeroot) doesn't exist
#8 51.36 update-alternatives: warning: skip creation of /usr/share/man/sv/man1/faked.1.gz because associated file /usr/share/man/sv/man1/faked-sysv.1.gz (of link group fakeroot) doesn't exist
#8 51.37 Setting up perl-modules-5.36 (5.36.0-7+deb12u3) ...
#8 51.37 Setting up rpcsvc-proto (1.4.3-1) ...
#8 51.38 Setting up libjpeg62-turbo:arm64 (1:2.1.5-2) ...
#8 51.38 Setting up libx11-data (2:1.8.4-2+deb12u2) ...
#8 51.39 Setting up make (4.3-4.1) ...
#8 51.39 Setting up libmpfr6:arm64 (4.2.0-1) ...
#8 51.40 Setting up gnupg-l10n (2.2.40-1.1+deb12u2) ...
#8 51.40 Setting up librtmp1:arm64 (2.4+20151223.gitfa8646d.1-2+b2) ...
#8 51.41 Setting up xz-utils (5.4.1-1+deb12u2) ...
#8 51.41 update-alternatives: using /usr/bin/xz to provide /usr/bin/lzma (lzma) in auto mode
#8 51.41 update-alternatives: warning: skip creation of /usr/share/man/man1/lzma.1.gz because associated file /usr/share/man/man1/xz.1.gz (of link group lzma) doesn't exist
#8 51.41 update-alternatives: warning: skip creation of /usr/share/man/man1/unlzma.1.gz because associated file /usr/share/man/man1/unxz.1.gz (of link group lzma) doesn't exist
#8 51.41 update-alternatives: warning: skip creation of /usr/share/man/man1/lzcat.1.gz because associated file /usr/share/man/man1/xzcat.1.gz (of link group lzma) doesn't exist
#8 51.41 update-alternatives: warning: skip creation of /usr/share/man/man1/lzmore.1.gz because associated file /usr/share/man/man1/xzmore.1.gz (of link group lzma) doesn't exist
#8 51.41 update-alternatives: warning: skip creation of /usr/share/man/man1/lzless.1.gz because associated file /usr/share/man/man1/xzless.1.gz (of link group lzma) doesn't exist
#8 51.41 update-alternatives: warning: skip creation of /usr/share/man/man1/lzdiff.1.gz because associated file /usr/share/man/man1/xzdiff.1.gz (of link group lzma) doesn't exist
#8 51.41 update-alternatives: warning: skip creation of /usr/share/man/man1/lzcmp.1.gz because associated file /usr/share/man/man1/xzcmp.1.gz (of link group lzma) doesn't exist
#8 51.41 update-alternatives: warning: skip creation of /usr/share/man/man1/lzgrep.1.gz because associated file /usr/share/man/man1/xzgrep.1.gz (of link group lzma) doesn't exist
#8 51.41 update-alternatives: warning: skip creation of /usr/share/man/man1/lzegrep.1.gz because associated file /usr/share/man/man1/xzegrep.1.gz (of link group lzma) doesn't exist
#8 51.41 update-alternatives: warning: skip creation of /usr/share/man/man1/lzfgrep.1.gz because associated file /usr/share/man/man1/xzfgrep.1.gz (of link group lzma) doesn't exist
#8 51.42 Setting up libpng16-16:arm64 (1.6.39-2+deb12u5) ...
#8 51.42 Setting up libmpc3:arm64 (1.3.1-1) ...
#8 51.42 Setting up libatomic1:arm64 (12.2.0-14+deb12u1) ...
#8 51.43 Setting up patch (2.7.6-7) ...
#8 51.44 Setting up fonts-dejavu-core (2.37-6) ...
#8 51.46 Setting up libgav1-1:arm64 (0.18.0-1+b1) ...
#8 51.46 Setting up libncursesw6:arm64 (6.4-4) ...
#8 51.47 Setting up libk5crypto3:arm64 (1.20.1-2+deb12u5) ...
#8 51.48 Setting up libdav1d6:arm64 (1.0.0-2+deb12u1) ...
#8 51.48 Setting up libsasl2-2:arm64 (2.1.28+dfsg-10) ...
#8 51.49 Setting up libwebp7:arm64 (1.2.4-0.2+deb12u1) ...
#8 51.49 Setting up libubsan1:arm64 (12.2.0-14+deb12u1) ...
#8 51.50 Setting up libnuma1:arm64 (2.0.16-1) ...
#8 51.50 Setting up libhwasan0:arm64 (12.2.0-14+deb12u1) ...
#8 51.51 Setting up libcrypt-dev:arm64 (1:4.4.33-2) ...
#8 51.51 Setting up libtiff6:arm64 (4.5.0-6+deb12u4) ...
#8 51.52 Setting up libasan8:arm64 (12.2.0-14+deb12u1) ...
#8 51.52 Setting up libssh2-1:arm64 (1.10.0-3+deb12u1) ...
#8 51.53 Setting up netbase (6.4) ...
#8 51.54 Setting up libkrb5-3:arm64 (1.20.1-2+deb12u5) ...
#8 51.54 Setting up libtsan2:arm64 (12.2.0-14+deb12u1) ...
#8 51.55 Setting up libjs-jquery (3.6.1+dfsg+~3.5.14-1) ...
#8 51.56 Setting up libbinutils:arm64 (2.40-2) ...
#8 51.56 Setting up libisl23:arm64 (0.25-1.1) ...
#8 51.57 Setting up libde265-0:arm64 (1.0.11-1+deb12u2) ...
#8 51.57 Setting up libc-dev-bin (2.36-9+deb12u14) ...
#8 51.58 Setting up openssl (3.0.20-1~deb12u2) ...
#8 51.58 Setting up libbsd0:arm64 (0.11.7-2) ...
#8 51.59 Setting up libyuv0:arm64 (0.0~git20230123.b2528b0-1) ...
#8 51.59 Setting up readline-common (8.2-1.3) ...
#8 51.61 Setting up publicsuffix (20230209.2326-1) ...
#8 51.61 Setting up libcc1-0:arm64 (12.2.0-14+deb12u1) ...
#8 51.62 Setting up libonig5:arm64 (6.9.8-1) ...
#8 51.62 Setting up liblocale-gettext-perl (1.07-5) ...
#8 51.63 Setting up liblsan0:arm64 (12.2.0-14+deb12u1) ...
#8 51.63 Setting up libitm1:arm64 (12.2.0-14+deb12u1) ...
#8 51.64 Setting up libgdbm6:arm64 (1.23-3) ...
#8 51.64 Setting up libjs-underscore (1.13.4~dfsg+~1.11.4-3) ...
#8 51.65 Setting up libctf0:arm64 (2.40-2) ...
#8 51.65 Setting up pinentry-curses (1.2.1-1) ...
#8 51.66 Setting up manpages-dev (6.03-2) ...
#8 51.67 Setting up libxdmcp6:arm64 (1:1.1.2-3) ...
#8 51.67 Setting up cpp-12 (12.2.0-14+deb12u1) ...
#8 51.67 Setting up libxcb1:arm64 (1.15-1) ...
#8 51.68 Setting up libavif15:arm64 (0.11.1-1+deb12u1) ...
#8 51.69 Setting up libjq1:arm64 (1.6-2.1+deb12u2) ...
#8 51.69 Setting up fontconfig-config (2.14.1-4) ...
#8 51.73 debconf: unable to initialize frontend: Dialog
#8 51.73 debconf: (TERM is not set, so the dialog frontend is not usable.)
#8 51.73 debconf: falling back to frontend: Readline
#8 51.73 debconf: unable to initialize frontend: Readline
#8 51.73 debconf: (This frontend requires a controlling tty.)
#8 51.73 debconf: falling back to frontend: Teletype
#8 51.79 Setting up libreadline8:arm64 (8.2-1.3) ...
#8 51.79 Setting up libldap-2.5-0:arm64 (2.5.13+dfsg-5) ...
#8 51.80 Setting up ca-certificates (20250419~deb12u1) ...
#8 51.84 debconf: unable to initialize frontend: Dialog
#8 51.84 debconf: (TERM is not set, so the dialog frontend is not usable.)
#8 51.84 debconf: falling back to frontend: Readline
#8 51.84 debconf: unable to initialize frontend: Readline
#8 51.84 debconf: (This frontend requires a controlling tty.)
#8 51.84 debconf: falling back to frontend: Teletype
#8 51.99 Updating certificates in /etc/ssl/certs...
#8 52.19 150 added, 0 removed; done.
#8 52.20 Setting up libgprofng0:arm64 (2.40-2) ...
#8 52.21 Setting up libfreetype6:arm64 (2.12.1+dfsg-5+deb12u4) ...
#8 52.21 Setting up libgcc-12-dev:arm64 (12.2.0-14+deb12u1) ...
#8 52.22 Setting up libgssapi-krb5-2:arm64 (1.20.1-2+deb12u5) ...
#8 52.22 Setting up libgdbm-compat4:arm64 (1.23-3) ...
#8 52.23 Setting up libjs-sphinxdoc (5.3.0-4) ...
#8 52.23 Setting up libx265-199:arm64 (3.5-2+b1) ...
#8 52.24 Setting up cpp (4:12.2.0-3) ...
#8 52.25 Setting up jq (1.6-2.1+deb12u2) ...
#8 52.25 Setting up gpgconf (2.2.40-1.1+deb12u2) ...
#8 52.26 Setting up libcurl4:arm64 (7.88.1-10+deb12u15) ...
#8 52.26 Setting up libx11-6:arm64 (2:1.8.4-2+deb12u2) ...
#8 52.27 Setting up curl (7.88.1-10+deb12u15) ...
#8 52.27 Setting up libfontconfig1:arm64 (2.14.1-4) ...
#8 52.28 Setting up libperl5.36:arm64 (5.36.0-7+deb12u3) ...
#8 52.28 Setting up gpg (2.2.40-1.1+deb12u2) ...
#8 52.29 Setting up gnupg-utils (2.2.40-1.1+deb12u2) ...
#8 52.29 Setting up libtirpc3:arm64 (1.3.3+ds-1) ...
#8 52.30 Setting up gpg-agent (2.2.40-1.1+deb12u2) ...
#8 52.52 Setting up libxpm4:arm64 (1:3.5.12-1.1+deb12u1) ...
#8 52.53 Setting up python3-pip-whl (23.0.1+dfsg-1) ...
#8 52.53 Setting up gpgsm (2.2.40-1.1+deb12u2) ...
#8 52.54 Setting up libheif1:arm64 (1.15.1-1+deb12u1) ...
#8 52.54 Setting up binutils-aarch64-linux-gnu (2.40-2) ...
#8 52.55 Setting up binutils (2.40-2) ...
#8 52.55 Setting up dirmngr (2.2.40-1.1+deb12u2) ...
#8 52.62 Setting up perl (5.36.0-7+deb12u3) ...
#8 52.63 Setting up libtirpc-dev:arm64 (1.3.3+ds-1) ...
#8 52.63 Setting up gcc-12 (12.2.0-14+deb12u1) ...
#8 52.64 Setting up libgd3:arm64 (2.3.3-9+deb12u1) ...
#8 52.64 Setting up libdpkg-perl (1.21.23) ...
#8 52.65 Setting up gpg-wks-server (2.2.40-1.1+deb12u2) ...
#8 52.65 Setting up libnsl2:arm64 (1.3.0-2) ...
#8 52.65 Setting up libc-devtools (2.36-9+deb12u14) ...
#8 52.66 Setting up gpg-wks-client (2.2.40-1.1+deb12u2) ...
#8 52.66 Setting up libfile-fcntllock-perl (0.22-4+b1) ...
#8 52.67 Setting up libalgorithm-diff-perl (1.201-1) ...
#8 52.68 Setting up libpython3.11-stdlib:arm64 (3.11.2-6+deb12u8) ...
#8 52.68 Setting up gcc (4:12.2.0-3) ...
#8 52.69 Setting up dpkg-dev (1.21.23) ...
#8 52.70 Setting up libnsl-dev:arm64 (1.3.0-2) ...
#8 52.70 Setting up gnupg (2.2.40-1.1+deb12u2) ...
#8 52.71 Setting up libc6-dev:arm64 (2.36-9+deb12u14) ...
#8 52.71 Setting up libalgorithm-diff-xs-perl:arm64 (0.04-8+b1) ...
#8 52.72 Setting up libpython3-stdlib:arm64 (3.11.2-1+b1) ...
#8 52.72 Setting up libalgorithm-merge-perl (0.08-5) ...
#8 52.73 Setting up python3.11 (3.11.2-6+deb12u8) ...
#8 53.11 Setting up libpython3.11:arm64 (3.11.2-6+deb12u8) ...
#8 53.13 Setting up libstdc++-12-dev:arm64 (12.2.0-14+deb12u1) ...
#8 53.14 Setting up python3 (3.11.2-1+b1) ...
#8 53.15 running python rtupdate hooks for python3.11...
#8 53.15 running python post-rtupdate hooks for python3.11...
#8 53.19 Setting up libexpat1-dev:arm64 (2.5.0-1+deb12u3) ...
#8 53.20 Setting up zlib1g-dev:arm64 (1:1.2.13.dfsg-1) ...
#8 53.20 Setting up python3-lib2to3 (3.11.2-3) ...
#8 53.25 Setting up g++-12 (12.2.0-14+deb12u1) ...
#8 53.26 Setting up python3-pkg-resources (66.1.1-1+deb12u2) ...
#8 53.38 Setting up python3-distutils (3.11.2-3) ...
#8 53.44 Setting up python3-setuptools (66.1.1-1+deb12u2) ...
#8 53.67 Setting up python3-wheel (0.38.4-2) ...
#8 53.73 Setting up python3.11-venv (3.11.2-6+deb12u8) ...
#8 53.76 Setting up libpython3.11-dev:arm64 (3.11.2-6+deb12u8) ...
#8 53.77 Setting up python3-pip (23.0.1+dfsg-1) ...
#8 54.27 Setting up g++ (4:12.2.0-3) ...
#8 54.28 update-alternatives: using /usr/bin/g++ to provide /usr/bin/c++ (c++) in auto mode
#8 54.28 Setting up build-essential (12.9) ...
#8 54.28 Setting up libpython3-dev:arm64 (3.11.2-1+b1) ...
#8 54.29 Setting up python3.11-dev (3.11.2-6+deb12u8) ...
#8 54.30 Setting up python3-venv (3.11.2-1+b1) ...
#8 54.30 Setting up python3-dev (3.11.2-1+b1) ...
#8 54.30 Processing triggers for libc-bin (2.36-9+deb12u14) ...
#8 54.32 Processing triggers for ca-certificates (20250419~deb12u1) ...
#8 54.32 Updating certificates in /etc/ssl/certs...
#8 54.47 0 added, 0 removed; done.
#8 54.47 Running hooks in /etc/ca-certificates/update.d...
#8 54.47 done.
#8 DONE 54.6s

#9 [4/7] RUN wget -qO /tmp/tofu.zip https://github.com/opentofu/opentofu/releases/download/v1.8.1/tofu_1.8.1_linux_arm64.zip &&     unzip -q /tmp/tofu.zip -d /usr/local/bin && rm /tmp/tofu.zip &&     chmod +x /usr/local/bin/tofu
#9 DONE 4.8s

#10 [5/7] COPY requirements.txt .
#10 DONE 0.0s

#11 [6/7] RUN python3 -m venv /opt/venv &&     /opt/venv/bin/pip install --upgrade pip &&     /opt/venv/bin/pip install -r requirements.txt
#11 1.860 Requirement already satisfied: pip in /opt/venv/lib/python3.11/site-packages (23.0.1)
#11 1.966 Collecting pip
#11 2.041   Downloading pip-26.2.1-py3-none-any.whl (1.8 MB)
#11 2.283      ━━━━━━━━━━━━━━━━━━━━━━━━━━━━━━━━━━━━━━━━ 1.8/1.8 MB 7.7 MB/s eta 0:00:00
#11 2.308 Installing collected packages: pip
#11 2.308   Attempting uninstall: pip
#11 2.309     Found existing installation: pip 23.0.1
#11 2.380     Uninstalling pip-23.0.1:
#11 2.383       Successfully uninstalled pip-23.0.1
#11 2.757 Successfully installed pip-26.2.1
#11 3.146 Collecting fastapi==0.115.0 (from -r requirements.txt (line 1))
#11 3.219   Downloading fastapi-0.115.0-py3-none-any.whl.metadata (27 kB)
#11 3.266 Collecting uvicorn==0.30.0 (from uvicorn[standard]==0.30.0->-r requirements.txt (line 2))
#11 3.277   Downloading uvicorn-0.30.0-py3-none-any.whl.metadata (6.3 kB)
#11 3.368 Collecting pydantic==2.8.0 (from -r requirements.txt (line 3))
#11 3.379   Downloading pydantic-2.8.0-py3-none-any.whl.metadata (123 kB)
#11 3.434 Collecting starlette<0.39.0,>=0.37.2 (from fastapi==0.115.0->-r requirements.txt (line 1))
#11 3.446   Downloading starlette-0.38.6-py3-none-any.whl.metadata (6.0 kB)
#11 3.470 Collecting typing-extensions>=4.8.0 (from fastapi==0.115.0->-r requirements.txt (line 1))
#11 3.480   Downloading typing_extensions-4.16.0-py3-none-any.whl.metadata (3.3 kB)
#11 3.501 Collecting annotated-types>=0.4.0 (from pydantic==2.8.0->-r requirements.txt (line 3))
#11 3.512   Downloading annotated_types-0.8.0-py3-none-any.whl.metadata (15 kB)
#11 4.036 Collecting pydantic-core==2.20.0 (from pydantic==2.8.0->-r requirements.txt (line 3))
#11 4.127   Downloading pydantic_core-2.20.0-cp311-cp311-manylinux_2_17_aarch64.manylinux2014_aarch64.whl.metadata (6.6 kB)
#11 4.155 Collecting click>=7.0 (from uvicorn==0.30.0->uvicorn[standard]==0.30.0->-r requirements.txt (line 2))
#11 4.168   Downloading click-8.5.0-py3-none-any.whl.metadata (2.6 kB)
#11 4.187 Collecting h11>=0.8 (from uvicorn==0.30.0->uvicorn[standard]==0.30.0->-r requirements.txt (line 2))
#11 4.197   Downloading h11-0.16.0-py3-none-any.whl.metadata (8.3 kB)
#11 4.236 Collecting httptools>=0.5.0 (from uvicorn[standard]==0.30.0->-r requirements.txt (line 2))
#11 4.249   Downloading httptools-0.8.0-cp311-cp311-manylinux2014_aarch64.manylinux_2_17_aarch64.manylinux_2_28_aarch64.whl.metadata (3.5 kB)
#11 4.273 Collecting python-dotenv>=0.13 (from uvicorn[standard]==0.30.0->-r requirements.txt (line 2))
#11 4.283   Downloading python_dotenv-1.2.3-py3-none-any.whl.metadata (29 kB)
#11 4.337 Collecting pyyaml>=5.1 (from uvicorn[standard]==0.30.0->-r requirements.txt (line 2))
#11 4.350   Downloading pyyaml-6.0.3-cp311-cp311-manylinux2014_aarch64.manylinux_2_17_aarch64.manylinux_2_28_aarch64.whl.metadata (2.4 kB)
#11 4.444 Collecting uvloop!=0.15.0,!=0.15.1,>=0.14.0 (from uvicorn[standard]==0.30.0->-r requirements.txt (line 2))
#11 4.455   Downloading uvloop-0.22.1-cp311-cp311-manylinux2014_aarch64.manylinux_2_17_aarch64.manylinux_2_28_aarch64.whl.metadata (4.9 kB)
#11 4.530 Collecting watchfiles>=0.13 (from uvicorn[standard]==0.30.0->-r requirements.txt (line 2))
#11 4.541   Downloading watchfiles-1.2.0-cp311-cp311-manylinux_2_17_aarch64.manylinux2014_aarch64.whl.metadata (4.9 kB)
#11 4.645 Collecting websockets>=10.4 (from uvicorn[standard]==0.30.0->-r requirements.txt (line 2))
#11 4.657   Downloading websockets-17.1-cp311-cp311-manylinux2014_aarch64.manylinux_2_17_aarch64.manylinux_2_28_aarch64.whl.metadata (6.3 kB)
#11 4.688 Collecting anyio<5,>=3.4.0 (from starlette<0.39.0,>=0.37.2->fastapi==0.115.0->-r requirements.txt (line 1))
#11 4.699   Downloading anyio-4.15.1-py3-none-any.whl.metadata (4.7 kB)
#11 4.722 Collecting idna>=2.8 (from anyio<5,>=3.4.0->starlette<0.39.0,>=0.37.2->fastapi==0.115.0->-r requirements.txt (line 1))
#11 4.732   Downloading idna-3.20-py3-none-any.whl.metadata (7.2 kB)
#11 4.757 Downloading fastapi-0.115.0-py3-none-any.whl (94 kB)
#11 4.791 Downloading pydantic-2.8.0-py3-none-any.whl (423 kB)
#11 4.892 Downloading uvicorn-0.30.0-py3-none-any.whl (62 kB)
#11 5.002 Downloading pydantic_core-2.20.0-cp311-cp311-manylinux_2_17_aarch64.manylinux2014_aarch64.whl (1.8 MB)
#11 5.584    ━━━━━━━━━━━━━━━━━━━━━━━━━━━━━━━━━━━━━━━━ 1.8/1.8 MB 2.9 MB/s  0:00:00
#11 5.596 Downloading starlette-0.38.6-py3-none-any.whl (71 kB)
#11 5.620 Downloading anyio-4.15.1-py3-none-any.whl (132 kB)
#11 5.663 Downloading annotated_types-0.8.0-py3-none-any.whl (13 kB)
#11 5.678 Downloading click-8.5.0-py3-none-any.whl (125 kB)
#11 5.713 Downloading h11-0.16.0-py3-none-any.whl (37 kB)
#11 5.735 Downloading httptools-0.8.0-cp311-cp311-manylinux2014_aarch64.manylinux_2_17_aarch64.manylinux_2_28_aarch64.whl (464 kB)
#11 5.810 Downloading idna-3.20-py3-none-any.whl (69 kB)
#11 5.830 Downloading python_dotenv-1.2.3-py3-none-any.whl (22 kB)
#11 5.848 Downloading pyyaml-6.0.3-cp311-cp311-manylinux2014_aarch64.manylinux_2_17_aarch64.manylinux_2_28_aarch64.whl (775 kB)
#11 5.947    ━━━━━━━━━━━━━━━━━━━━━━━━━━━━━━━━━━━━━━━━ 775.6/775.6 kB 7.8 MB/s  0:00:00
#11 5.959 Downloading typing_extensions-4.16.0-py3-none-any.whl (45 kB)
#11 5.979 Downloading uvloop-0.22.1-cp311-cp311-manylinux2014_aarch64.manylinux_2_17_aarch64.manylinux_2_28_aarch64.whl (3.8 MB)
#11 6.459    ━━━━━━━━━━━━━━━━━━━━━━━━━━━━━━━━━━━━━━━━ 3.8/3.8 MB 8.0 MB/s  0:00:00
#11 6.472 Downloading watchfiles-1.2.0-cp311-cp311-manylinux_2_17_aarch64.manylinux2014_aarch64.whl (456 kB)
#11 6.560 Downloading websockets-17.1-cp311-cp311-manylinux2014_aarch64.manylinux_2_17_aarch64.manylinux_2_28_aarch64.whl (225 kB)
#11 6.636 Installing collected packages: websockets, uvloop, typing-extensions, pyyaml, python-dotenv, idna, httptools, h11, click, annotated-types, uvicorn, pydantic-core, anyio, watchfiles, starlette, pydantic, fastapi
#11 7.160 
#11 7.161 Successfully installed annotated-types-0.8.0 anyio-4.15.1 click-8.5.0 fastapi-0.115.0 h11-0.16.0 httptools-0.8.0 idna-3.20 pydantic-2.8.0 pydantic-core-2.20.0 python-dotenv-1.2.3 pyyaml-6.0.3 starlette-0.38.6 typing-extensions-4.16.0 uvicorn-0.30.0 uvloop-0.22.1 watchfiles-1.2.0 websockets-17.1
#11 DONE 7.3s

#12 [7/7] COPY main.py .
#12 DONE 0.0s

#13 exporting to image
#13 exporting layers
#13 exporting layers 2.1s done
#13 writing image sha256:292d92a8c34b0f66cfa7d26aa6a06b4ea4d1e93cd131861c9c42d4f5239301ce done
#13 naming to docker.io/library/jit-runner:latest done
#13 DONE 2.1s
Image built.
Stopping runner...
Runner stopped.
Starting runner at 172.19.0.10 (shared dir /Users/vkancherla/.jit-host-share)...
fd2a4c9a6b15fb2de20d99c05549514123e0b8220e26693ea66490785528d2e5
Runner started at 172.19.0.10.
CRD infraclaims.jit.io established
deployment "jit-controller" successfully rolled out
controller Ready; watching: 
PASS: jit stack up - MinIO, runner running, CRD, controller
importing jit-controller:latest into cluster 'voting-app'...
[36mINFO[0m[0000] Importing image(s) into cluster 'voting-app' 
[36mINFO[0m[0000] Starting new tools node...                   
[36mINFO[0m[0000] Starting node 'k3d-voting-app-tools'         
[36mINFO[0m[0000] Saving 1 image(s) from runtime...            
[36mINFO[0m[0002] Importing images into nodes...               
[36mINFO[0m[0002] Importing images from tarball '/k3d/images/k3d-voting-app-images-20260919173658.tar' into node 'k3d-voting-app-server-0'... 
[36mINFO[0m[0002] Importing images from tarball '/k3d/images/k3d-voting-app-images-20260919173658.tar' into node 'k3d-voting-app-agent-0'... 
[36mINFO[0m[0005] Removing the tarball(s) from image volume... 
[36mINFO[0m[0006] Removing k3d-tools node...                   
[36mINFO[0m[0006] Successfully imported image(s)               
[36mINFO[0m[0006] Successfully imported 1 image(s) into 1 cluster(s) 
OK: bucket 'jit-state' created
MinIO up at http://127.0.0.1:9000 (console http://localhost:9001); bucket jit-state ready
Building runner image...
#0 building with "rancher-desktop" instance using docker driver

#1 [internal] load build definition from Dockerfile
#1 transferring dockerfile: 714B done
#1 DONE 0.0s

#2 [internal] load metadata for docker.io/library/debian:bookworm-slim
#2 ...

#3 [auth] library/debian:pull token for registry-1.docker.io
#3 DONE 0.0s

#2 [internal] load metadata for docker.io/library/debian:bookworm-slim
#2 DONE 1.2s

#4 [internal] load .dockerignore
#4 transferring context: 2B done
#4 DONE 0.0s

#5 [1/7] FROM docker.io/library/debian:bookworm-slim@sha256:3783cc01769c7b2b1b83a5c5ad96c815348e28ed7da68e2e3687004faa906251
#5 DONE 0.0s

#6 [internal] load build context
#6 transferring context: 64B done
#6 DONE 0.0s

#7 [6/7] RUN python3 -m venv /opt/venv &&     /opt/venv/bin/pip install --upgrade pip &&     /opt/venv/bin/pip install -r requirements.txt
#7 CACHED

#8 [2/7] WORKDIR /opt/jit-runner
#8 CACHED

#9 [3/7] RUN apt-get update && apt-get install -y wget unzip python3 python3-pip python3-venv curl jq bash && rm -rf /var/lib/apt/lists/*
#9 CACHED

#10 [4/7] RUN wget -qO /tmp/tofu.zip https://github.com/opentofu/opentofu/releases/download/v1.8.1/tofu_1.8.1_linux_arm64.zip &&     unzip -q /tmp/tofu.zip -d /usr/local/bin && rm /tmp/tofu.zip &&     chmod +x /usr/local/bin/tofu
#10 CACHED

#11 [5/7] COPY requirements.txt .
#11 CACHED

#12 [7/7] COPY main.py .
#12 CACHED

#13 exporting to image
#13 exporting layers done
#13 writing image sha256:292d92a8c34b0f66cfa7d26aa6a06b4ea4d1e93cd131861c9c42d4f5239301ce done
#13 naming to docker.io/library/jit-runner:latest done
#13 DONE 0.0s
Image built.
Stopping runner...
Runner stopped.
Starting runner at 172.19.0.10 (shared dir /Users/vkancherla/.jit-host-share)...
e1e66e5ed7ad7be3a752d161129dc686d52ed9e60eb91102a4c470d96c4e5980
Runner started at 172.19.0.10.
CRD infraclaims.jit.io established
deployment "jit-controller" successfully rolled out
controller Ready; watching: 
PASS: jit stack up - MinIO, runner running, CRD, controller
importing jit-controller:latest into cluster 'voting-app'...
[36mINFO[0m[0000] Importing image(s) into cluster 'voting-app' 
[36mINFO[0m[0000] Starting new tools node...                   
[36mINFO[0m[0000] Starting node 'k3d-voting-app-tools'         
[36mINFO[0m[0000] Saving 1 image(s) from runtime...            
[36mINFO[0m[0002] Importing images into nodes...               
[36mINFO[0m[0002] Importing images from tarball '/k3d/images/k3d-voting-app-images-20260919203020.tar' into node 'k3d-voting-app-server-0'... 
[36mINFO[0m[0002] Importing images from tarball '/k3d/images/k3d-voting-app-images-20260919203020.tar' into node 'k3d-voting-app-agent-0'... 
[36mINFO[0m[0006] Removing the tarball(s) from image volume... 
[36mINFO[0m[0007] Removing k3d-tools node...                   
[36mINFO[0m[0007] Successfully imported image(s)               
[36mINFO[0m[0007] Successfully imported 1 image(s) into 1 cluster(s) 
OK: bucket 'jit-state' created
MinIO up at http://127.0.0.1:9000 (console http://localhost:9001); bucket jit-state ready
Building runner image...
#0 building with "rancher-desktop" instance using docker driver

#1 [internal] load build definition from Dockerfile
#1 transferring dockerfile: 714B done
#1 DONE 0.0s

#2 [internal] load metadata for docker.io/library/debian:bookworm-slim
#2 ...

#3 [auth] library/debian:pull token for registry-1.docker.io
#3 DONE 0.0s

#2 [internal] load metadata for docker.io/library/debian:bookworm-slim
#2 DONE 1.0s

#4 [internal] load .dockerignore
#4 transferring context: 2B 0.0s done
#4 DONE 0.0s

#5 [1/7] FROM docker.io/library/debian:bookworm-slim@sha256:3783cc01769c7b2b1b83a5c5ad96c815348e28ed7da68e2e3687004faa906251
#5 DONE 0.0s

#6 [internal] load build context
#6 transferring context: 64B done
#6 DONE 0.0s

#7 [2/7] WORKDIR /opt/jit-runner
#7 CACHED

#8 [3/7] RUN apt-get update && apt-get install -y wget unzip python3 python3-pip python3-venv curl jq bash && rm -rf /var/lib/apt/lists/*
#8 CACHED

#9 [4/7] RUN wget -qO /tmp/tofu.zip https://github.com/opentofu/opentofu/releases/download/v1.8.1/tofu_1.8.1_linux_arm64.zip &&     unzip -q /tmp/tofu.zip -d /usr/local/bin && rm /tmp/tofu.zip &&     chmod +x /usr/local/bin/tofu
#9 CACHED

#10 [5/7] COPY requirements.txt .
#10 CACHED

#11 [6/7] RUN python3 -m venv /opt/venv &&     /opt/venv/bin/pip install --upgrade pip &&     /opt/venv/bin/pip install -r requirements.txt
#11 CACHED

#12 [7/7] COPY main.py .
#12 CACHED

#13 exporting to image
#13 exporting layers done
#13 writing image sha256:292d92a8c34b0f66cfa7d26aa6a06b4ea4d1e93cd131861c9c42d4f5239301ce done
#13 naming to docker.io/library/jit-runner:latest done
#13 DONE 0.0s
Image built.
Stopping runner...
Runner stopped.
Starting runner at 172.19.0.10 (shared dir /Users/vkancherla/.jit-host-share)...
d91f550b1f1aa40ac9d00b69f81ba7712e4388850051edf04d2a000486330aac
Runner started at 172.19.0.10.
error: .status.conditions accessor error: <nil> is of the type <nil>, expected []interface{}
importing jit-controller:latest into cluster 'voting-app'...
[36mINFO[0m[0000] Importing image(s) into cluster 'voting-app' 
[36mINFO[0m[0000] Starting new tools node...                   
[36mINFO[0m[0000] Starting node 'k3d-voting-app-tools'         
[36mINFO[0m[0000] Saving 1 image(s) from runtime...            
[36mINFO[0m[0002] Importing images into nodes...               
[36mINFO[0m[0002] Importing images from tarball '/k3d/images/k3d-voting-app-images-20260919203417.tar' into node 'k3d-voting-app-server-0'... 
[36mINFO[0m[0002] Importing images from tarball '/k3d/images/k3d-voting-app-images-20260919203417.tar' into node 'k3d-voting-app-agent-0'... 
[36mINFO[0m[0006] Removing the tarball(s) from image volume... 
[36mINFO[0m[0007] Removing k3d-tools node...                   
[36mINFO[0m[0007] Successfully imported image(s)               
[36mINFO[0m[0007] Successfully imported 1 image(s) into 1 cluster(s) 
OK: bucket 'jit-state' created
MinIO up at http://127.0.0.1:9000 (console http://localhost:9001); bucket jit-state ready
Building runner image...
#0 building with "rancher-desktop" instance using docker driver

#1 [internal] load build definition from Dockerfile
#1 transferring dockerfile: 714B done
#1 DONE 0.0s

#2 [internal] load metadata for docker.io/library/debian:bookworm-slim
#2 DONE 0.6s

#3 [internal] load .dockerignore
#3 transferring context: 2B done
#3 DONE 0.0s

#4 [1/7] FROM docker.io/library/debian:bookworm-slim@sha256:3783cc01769c7b2b1b83a5c5ad96c815348e28ed7da68e2e3687004faa906251
#4 DONE 0.0s

#5 [internal] load build context
#5 transferring context: 64B done
#5 DONE 0.0s

#6 [3/7] RUN apt-get update && apt-get install -y wget unzip python3 python3-pip python3-venv curl jq bash && rm -rf /var/lib/apt/lists/*
#6 CACHED

#7 [2/7] WORKDIR /opt/jit-runner
#7 CACHED

#8 [4/7] RUN wget -qO /tmp/tofu.zip https://github.com/opentofu/opentofu/releases/download/v1.8.1/tofu_1.8.1_linux_arm64.zip &&     unzip -q /tmp/tofu.zip -d /usr/local/bin && rm /tmp/tofu.zip &&     chmod +x /usr/local/bin/tofu
#8 CACHED

#9 [5/7] COPY requirements.txt .
#9 CACHED

#10 [6/7] RUN python3 -m venv /opt/venv &&     /opt/venv/bin/pip install --upgrade pip &&     /opt/venv/bin/pip install -r requirements.txt
#10 CACHED

#11 [7/7] COPY main.py .
#11 CACHED

#12 exporting to image
#12 exporting layers done
#12 writing image sha256:292d92a8c34b0f66cfa7d26aa6a06b4ea4d1e93cd131861c9c42d4f5239301ce done
#12 naming to docker.io/library/jit-runner:latest done
#12 DONE 0.0s
Image built.
Stopping runner...
Runner stopped.
Starting runner at 172.19.0.10 (shared dir /Users/vkancherla/.jit-host-share)...
206f11189f2ab1eb43f0ccced825979962024beb54bae0d24c9ad5019ff54aad
Runner started at 172.19.0.10.
CRD infraclaims.jit.io established
deployment "jit-controller" successfully rolled out
controller Ready; watching: 
PASS: jit stack up - MinIO, runner running, CRD, controller
importing jit-controller:latest into cluster 'voting-app'...
[36mINFO[0m[0000] Importing image(s) into cluster 'voting-app' 
[36mINFO[0m[0000] Starting new tools node...                   
[36mINFO[0m[0000] Starting node 'k3d-voting-app-tools'         
[36mINFO[0m[0000] Saving 1 image(s) from runtime...            
[36mINFO[0m[0002] Importing images into nodes...               
[36mINFO[0m[0002] Importing images from tarball '/k3d/images/k3d-voting-app-images-20260919211302.tar' into node 'k3d-voting-app-server-0'... 
[36mINFO[0m[0002] Importing images from tarball '/k3d/images/k3d-voting-app-images-20260919211302.tar' into node 'k3d-voting-app-agent-0'... 
[36mINFO[0m[0006] Removing the tarball(s) from image volume... 
[36mINFO[0m[0007] Removing k3d-tools node...                   
[36mINFO[0m[0007] Successfully imported image(s)               
[36mINFO[0m[0007] Successfully imported 1 image(s) into 1 cluster(s) 
OK: bucket 'jit-state' created
MinIO up at http://127.0.0.1:9000 (console http://localhost:9001); bucket jit-state ready
Building runner image...
#0 building with "rancher-desktop" instance using docker driver

#1 [internal] load build definition from Dockerfile
#1 transferring dockerfile: 714B done
#1 DONE 0.0s

#2 [internal] load metadata for docker.io/library/debian:bookworm-slim
#2 ...

#3 [auth] library/debian:pull token for registry-1.docker.io
#3 DONE 0.0s

#2 [internal] load metadata for docker.io/library/debian:bookworm-slim
#2 DONE 0.7s

#4 [internal] load .dockerignore
#4 transferring context: 2B 0.0s done
#4 DONE 0.0s

#5 [1/7] FROM docker.io/library/debian:bookworm-slim@sha256:3783cc01769c7b2b1b83a5c5ad96c815348e28ed7da68e2e3687004faa906251
#5 DONE 0.0s

#6 [internal] load build context
#6 transferring context: 64B done
#6 DONE 0.0s

#7 [5/7] COPY requirements.txt .
#7 CACHED

#8 [2/7] WORKDIR /opt/jit-runner
#8 CACHED

#9 [4/7] RUN wget -qO /tmp/tofu.zip https://github.com/opentofu/opentofu/releases/download/v1.8.1/tofu_1.8.1_linux_arm64.zip &&     unzip -q /tmp/tofu.zip -d /usr/local/bin && rm /tmp/tofu.zip &&     chmod +x /usr/local/bin/tofu
#9 CACHED

#10 [3/7] RUN apt-get update && apt-get install -y wget unzip python3 python3-pip python3-venv curl jq bash && rm -rf /var/lib/apt/lists/*
#10 CACHED

#11 [6/7] RUN python3 -m venv /opt/venv &&     /opt/venv/bin/pip install --upgrade pip &&     /opt/venv/bin/pip install -r requirements.txt
#11 CACHED

#12 [7/7] COPY main.py .
#12 CACHED

#13 exporting to image
#13 exporting layers done
#13 writing image sha256:292d92a8c34b0f66cfa7d26aa6a06b4ea4d1e93cd131861c9c42d4f5239301ce done
#13 naming to docker.io/library/jit-runner:latest done
#13 DONE 0.0s
Image built.
Stopping runner...
Runner stopped.
Starting runner at 172.19.0.10 (shared dir /Users/vkancherla/.jit-host-share)...
df4b83220c1854d355d6ec47fa35f06f7218114f0874589a320af53cb581320a
Runner started at 172.19.0.10.
CRD infraclaims.jit.io established
deployment "jit-controller" successfully rolled out
controller Ready; watching: 
PASS: jit stack up - MinIO, runner running, CRD, controller
importing jit-controller:latest into cluster 'voting-app'...
[36mINFO[0m[0000] Importing image(s) into cluster 'voting-app' 
[36mINFO[0m[0000] Starting new tools node...                   
[36mINFO[0m[0000] Starting node 'k3d-voting-app-tools'         
[36mINFO[0m[0000] Saving 1 image(s) from runtime...            
[36mINFO[0m[0002] Importing images into nodes...               
[36mINFO[0m[0002] Importing images from tarball '/k3d/images/k3d-voting-app-images-20260919221656.tar' into node 'k3d-voting-app-server-0'... 
[36mINFO[0m[0002] Importing images from tarball '/k3d/images/k3d-voting-app-images-20260919221656.tar' into node 'k3d-voting-app-agent-0'... 
[36mINFO[0m[0005] Removing the tarball(s) from image volume... 
[36mINFO[0m[0006] Removing k3d-tools node...                   
[36mINFO[0m[0006] Successfully imported image(s)               
[36mINFO[0m[0006] Successfully imported 1 image(s) into 1 cluster(s) 
OK: bucket 'jit-state' created
MinIO up at http://127.0.0.1:9000 (console http://localhost:9001); bucket jit-state ready
Building runner image...
#0 building with "rancher-desktop" instance using docker driver

#1 [internal] load build definition from Dockerfile
#1 transferring dockerfile: 714B done
#1 DONE 0.0s

#2 [internal] load metadata for docker.io/library/debian:bookworm-slim
#2 ...

#3 [auth] library/debian:pull token for registry-1.docker.io
#3 DONE 0.0s

#2 [internal] load metadata for docker.io/library/debian:bookworm-slim
#2 DONE 1.4s

#4 [internal] load .dockerignore
#4 transferring context: 2B done
#4 DONE 0.0s

#5 [1/7] FROM docker.io/library/debian:bookworm-slim@sha256:3783cc01769c7b2b1b83a5c5ad96c815348e28ed7da68e2e3687004faa906251
#5 DONE 0.0s

#6 [internal] load build context
#6 transferring context: 64B done
#6 DONE 0.0s

#7 [4/7] RUN wget -qO /tmp/tofu.zip https://github.com/opentofu/opentofu/releases/download/v1.8.1/tofu_1.8.1_linux_arm64.zip &&     unzip -q /tmp/tofu.zip -d /usr/local/bin && rm /tmp/tofu.zip &&     chmod +x /usr/local/bin/tofu
#7 CACHED

#8 [6/7] RUN python3 -m venv /opt/venv &&     /opt/venv/bin/pip install --upgrade pip &&     /opt/venv/bin/pip install -r requirements.txt
#8 CACHED

#9 [3/7] RUN apt-get update && apt-get install -y wget unzip python3 python3-pip python3-venv curl jq bash && rm -rf /var/lib/apt/lists/*
#9 CACHED

#10 [2/7] WORKDIR /opt/jit-runner
#10 CACHED

#11 [5/7] COPY requirements.txt .
#11 CACHED

#12 [7/7] COPY main.py .
#12 CACHED

#13 exporting to image
#13 exporting layers done
#13 writing image sha256:292d92a8c34b0f66cfa7d26aa6a06b4ea4d1e93cd131861c9c42d4f5239301ce done
#13 naming to docker.io/library/jit-runner:latest done
#13 DONE 0.0s
Image built.
Stopping runner...
Runner stopped.
Starting runner at 172.19.0.10 (shared dir /Users/vkancherla/.jit-host-share)...
7a77b8621cba21de46508e19d941819b021b1801ccbab2dd4599a0db1d0e2e34
Runner started at 172.19.0.10.
CRD infraclaims.jit.io established
deployment "jit-controller" successfully rolled out
controller Ready; watching: 
PASS: jit stack up - MinIO, runner running, CRD, controller
